City_ID,City,Country,Date,Lat,Lng,Max Temp,Humidity,Cloudiness,Wind Speed
0,Rikitea,PF,2020-12-20 13:24:35,-23.12,-134.97,76.23,79,3,20.54
1,Kudahuvadhoo,MV,2020-12-20 13:24:36,2.67,72.89,80.91,75,100,2.19
2,Chokurdakh,RU,2020-12-20 13:24:36,70.63,147.92,-16.42,89,63,9.33
3,Pacific Grove,US,2020-12-20 13:21:47,36.62,-121.92,42.01,80,1,5.82
4,Vardo,NO,2020-12-20 13:24:36,70.37,31.11,28.4,86,90,19.46
5,Ushtobe,KZ,2020-12-20 13:24:36,45.25,77.98,28.38,98,100,11.9
6,Norman Wells,CA,2020-12-20 13:24:36,65.28,-126.83,-29.2,66,75,4.7
7,Tessalit,ML,2020-12-20 13:24:37,20.2,1.01,79.65,16,0,8.1
8,Tuktoyaktuk,CA,2020-12-20 13:24:37,69.45,-133.04,-33.16,83,55,5.37
9,Chapais,CA,2020-12-20 13:24:37,49.78,-74.85,24.8,85,90,12.75
10,Punta Arenas,CL,2020-12-20 13:20:03,-53.15,-70.92,55.4,66,0,20.8
11,Nguru,NG,2020-12-20 13:24:12,12.88,10.45,89.89,12,0,9.86
12,Bambous Virieux,MU,2020-12-20 13:24:37,-20.34,57.76,84.2,70,40,11.41
13,Jamestown,US,2020-12-20 13:20:21,42.1,-79.24,35.01,97,90,8.05
14,Bredasdorp,ZA,2020-12-20 13:24:38,-34.53,20.04,78.8,50,24,19.46
15,Alta Floresta,BR,2020-12-20 13:24:38,-9.88,-56.09,84.2,74,20,6.93
16,Mataura,NZ,2020-12-20 13:24:38,-46.19,168.86,46.99,91,100,4.0
17,Porbandar,IN,2020-12-20 13:24:38,21.64,69.61,75.76,36,16,10.13
18,Hithadhoo,MV,2020-12-20 13:24:38,-0.6,73.08,82.71,71,25,5.01
19,Peterhead,GB,2020-12-20 13:24:38,57.51,-1.8,46.0,81,3,10.29
20,Zverinogolovskoye,RU,2020-12-20 13:24:39,54.46,64.85,0.21,87,18,8.52
21,Sivaki,RU,2020-12-20 13:24:39,52.63,126.75,-8.34,91,66,1.16
22,Lakes Entrance,AU,2020-12-20 13:24:39,-37.88,147.98,61.0,89,85,5.21
23,New Norfolk,AU,2020-12-20 13:24:39,-42.78,147.06,53.01,67,97,1.95
24,Catalina,US,2020-12-20 13:23:05,32.51,-110.92,41.0,38,0,5.79
25,Bosaso,SO,2020-12-20 13:24:39,11.28,49.18,78.8,83,0,13.51
26,Sorland,NO,2020-12-20 13:24:40,67.67,12.69,44.6,93,75,13.87
27,Mahebourg,MU,2020-12-20 13:24:40,-20.41,57.7,84.2,70,40,11.41
28,Zahvizdya,UA,2020-12-20 13:24:40,48.92,24.65,32.0,76,90,8.95
29,Tiksi,RU,2020-12-20 13:24:40,71.69,128.87,-25.4,87,100,5.79
30,Yellowknife,CA,2020-12-20 13:21:08,62.46,-114.35,-22.0,67,75,8.05
31,Hilo,US,2020-12-20 13:24:39,19.73,-155.09,71.6,88,75,3.36
32,Ancud,CL,2020-12-20 13:24:41,-41.87,-73.82,59.0,71,75,2.24
33,Adrar,MR,2020-12-20 13:24:41,20.5,-10.07,72.59,22,0,17.18
34,Busselton,AU,2020-12-20 13:24:41,-33.65,115.33,61.0,74,0,1.01
35,Alice Springs,AU,2020-12-20 13:20:09,-23.7,133.88,73.4,94,75,3.36
36,Bo Phloi,TH,2020-12-20 13:24:41,14.32,99.52,70.61,61,0,8.3
37,Yenagoa,NG,2020-12-20 13:24:41,4.92,6.26,88.88,62,82,1.92
38,Avarua,CK,2020-12-20 13:24:42,-21.21,-159.78,69.8,94,100,1.12
39,Kapaa,US,2020-12-20 13:24:42,22.08,-159.32,75.2,88,90,18.34
40,Kaitangata,NZ,2020-12-20 13:24:42,-46.28,169.85,54.0,88,98,11.99
41,Alofi,NU,2020-12-20 13:24:42,-19.06,-169.92,75.2,94,94,4.7
42,Dikson,RU,2020-12-20 13:24:42,73.51,80.55,-27.26,83,18,9.01
43,Saskylakh,RU,2020-12-20 13:24:42,71.92,114.08,-40.11,80,53,3.22
44,Hermanus,ZA,2020-12-20 13:24:42,-34.42,19.23,82.99,56,0,11.01
45,San Policarpo,PH,2020-12-20 13:24:43,12.18,125.51,82.02,85,100,13.73
46,Sept-Iles,CA,2020-12-20 13:21:43,50.2,-66.38,21.2,79,66,3.36
47,Waddan,LY,2020-12-20 13:24:43,29.16,16.14,71.69,31,0,8.99
48,Narsaq,GL,2020-12-20 13:24:43,60.92,-46.05,21.2,53,75,5.39
49,Pabrade,LT,2020-12-20 13:24:43,55.0,25.78,34.0,88,90,10.29
50,Atuona,PF,2020-12-20 13:24:43,-9.8,-139.03,78.4,74,1,19.53
51,Saint-Philippe,RE,2020-12-20 13:24:44,-21.36,55.77,82.0,78,43,19.46
52,Nikolskoye,RU,2020-12-20 13:24:44,59.7,30.79,37.4,86,90,11.18
53,Frejus,FR,2020-12-20 13:24:44,43.43,6.74,54.0,93,100,6.82
54,Goderich,CA,2020-12-20 13:24:44,43.75,-81.72,35.6,93,100,9.17
55,Caravelas,BR,2020-12-20 13:21:53,-17.71,-39.25,86.2,62,100,10.74
56,Sulangan,PH,2020-12-20 13:24:44,11.14,123.72,82.62,81,100,13.24
57,Beringovskiy,RU,2020-12-20 13:24:45,63.05,179.32,-1.52,93,99,14.12
58,Nome,US,2020-12-20 13:24:45,64.5,-165.41,-18.4,75,1,3.38
59,Severo-Kurilsk,RU,2020-12-20 13:24:45,50.68,156.12,28.69,96,100,8.88
60,Panaba,MX,2020-12-20 13:24:45,21.28,-88.27,68.72,92,0,3.29
61,Klaksvik,FO,2020-12-20 13:24:45,62.23,-6.59,42.8,100,89,5.82
62,Cidreira,BR,2020-12-20 13:24:45,-30.18,-50.21,75.58,59,97,12.68
63,Aranos,NA,2020-12-20 13:24:46,-24.13,19.12,77.22,51,100,8.46
64,Bolobo,CD,2020-12-20 13:24:46,-2.17,16.23,81.82,74,97,6.53
65,Calama,CL,2020-12-20 13:24:46,-22.47,-68.93,62.6,29,0,11.41
66,Carnarvon,AU,2020-12-20 13:24:46,-24.87,113.63,78.8,74,0,28.86
67,Kalmunai,LK,2020-12-20 13:22:23,7.42,81.82,77.85,86,90,12.73
68,Khatanga,RU,2020-12-20 13:24:46,71.97,102.5,-32.03,85,76,2.84
69,Vaini,TO,2020-12-20 13:24:46,-21.2,-175.2,78.8,94,40,8.05
70,Bluff,NZ,2020-12-20 13:24:47,-46.6,168.33,46.99,91,73,4.0
71,Albany,US,2020-12-20 13:24:47,42.6,-73.97,21.0,74,100,4.52
72,Porto Novo,BJ,2020-12-20 13:24:47,6.5,2.6,87.8,70,40,10.29
73,Samfya,ZM,2020-12-20 13:24:47,-11.36,29.56,79.2,65,53,1.5
74,Torbay,CA,2020-12-20 13:24:47,47.67,-52.73,27.0,86,90,10.29
75,Henties Bay,NA,2020-12-20 13:24:47,-22.12,14.28,68.0,80,27,4.0
76,Ushuaia,AR,2020-12-20 13:21:01,-54.8,-68.3,51.8,71,75,9.17
77,Puerto Ayora,EC,2020-12-20 13:24:48,-0.74,-90.35,71.01,96,100,7.25
78,Leshukonskoye,RU,2020-12-20 13:24:48,64.9,45.76,16.18,97,98,2.89
79,La Ronge,CA,2020-12-20 13:24:48,55.1,-105.28,-4.0,76,100,6.93
80,Rio Gallegos,AR,2020-12-20 13:22:37,-51.62,-69.22,60.8,51,0,18.34
81,Jaguaruna,BR,2020-12-20 13:24:48,-28.61,-49.03,82.47,61,66,5.68
82,Kluang,MY,2020-12-20 13:24:48,2.03,103.33,78.8,88,20,3.36
83,Ribeira Grande,PT,2020-12-20 13:24:49,38.52,-28.7,66.2,77,75,21.92
84,Nkhata Bay,MW,2020-12-20 13:24:49,-11.61,34.29,84.43,53,14,5.3
85,Chenzhou,CN,2020-12-20 13:24:49,25.8,113.03,40.6,71,41,2.59
86,Brae,GB,2020-12-20 13:24:49,60.4,-1.35,48.2,76,20,24.16
87,Hofn,IS,2020-12-20 13:24:49,64.25,-15.21,36.88,76,99,12.62
88,Gat,IL,2020-12-20 13:24:49,31.61,34.76,68.0,38,0,3.0
89,Cherskiy,RU,2020-12-20 13:24:49,68.75,161.3,-28.55,85,0,2.26
90,Shingu,JP,2020-12-20 13:24:50,33.73,135.98,36.79,86,36,5.53
91,Hasaki,JP,2020-12-20 13:24:50,35.73,140.83,32.0,60,20,5.82
92,Asau,RO,2020-12-20 13:24:50,46.43,26.4,37.0,69,99,3.18
93,Cabo San Lucas,MX,2020-12-20 13:21:54,22.89,-109.91,55.4,93,5,9.17
94,Lincoln,US,2020-12-20 13:23:09,40.8,-96.67,33.8,69,1,9.17
95,Rio Grande,BR,2020-12-20 13:24:50,-32.03,-52.1,73.99,53,0,14.99
96,Port Elizabeth,ZA,2020-12-20 13:24:51,-33.92,25.57,77.0,69,75,17.22
97,Fortuna,US,2020-12-20 13:24:51,40.6,-124.16,53.01,100,90,5.82
98,Yulara,AU,2020-12-20 13:24:51,-25.24,130.99,75.2,73,75,10.29
99,Ahipara,NZ,2020-12-20 13:24:51,-35.17,173.17,59.36,86,4,3.76
100,Garowe,SO,2020-12-20 13:24:51,8.41,48.48,89.4,25,6,14.2
101,Hami,CN,2020-12-20 13:24:51,42.8,93.45,20.84,86,0,6.26
102,Qaanaaq,GL,2020-12-20 13:24:51,77.48,-69.36,-2.22,76,52,5.46
103,Khromtau,KZ,2020-12-20 13:24:51,50.25,58.43,-8.63,88,3,6.64
104,Meulaboh,ID,2020-12-20 13:24:52,4.14,96.13,79.72,80,100,3.18
105,Ponta Do Sol,PT,2020-12-20 13:24:52,32.67,-17.1,66.2,72,20,8.05
106,San Jeronimo,PE,2020-12-20 13:24:52,-11.95,-75.28,52.72,65,96,1.79
107,Nizhneangarsk,RU,2020-12-20 13:24:52,55.78,109.55,18.97,91,100,6.78
108,Chabahar,IR,2020-12-20 13:24:52,25.29,60.64,77.0,50,0,16.11
109,Sambava,MG,2020-12-20 13:24:52,-14.27,50.17,81.86,78,36,8.84
110,Camacha,PT,2020-12-20 13:21:16,33.08,-16.33,64.4,72,40,3.36
111,East London,ZA,2020-12-20 13:24:53,-33.02,27.91,75.2,88,75,9.17
112,Katsuura,JP,2020-12-20 13:24:53,35.13,140.3,41.0,38,20,19.46
113,Faanui,PF,2020-12-20 13:24:53,-16.48,-151.75,79.97,73,100,8.03
114,Dungarpur,IN,2020-12-20 13:24:53,23.83,73.72,68.47,24,100,5.7
115,Joshimath,IN,2020-12-20 13:24:53,30.57,79.57,46.13,39,74,5.39
116,Upernavik,GL,2020-12-20 13:24:53,72.79,-56.15,9.48,87,96,7.11
117,College,US,2020-12-20 13:24:53,64.86,-147.8,-4.0,76,90,2.86
118,Muros,ES,2020-12-20 13:24:54,42.78,-9.06,59.0,78,100,7.0
119,Talnakh,RU,2020-12-20 13:24:54,69.49,88.4,-36.4,65,40,2.24
120,Kamaishi,JP,2020-12-20 13:24:54,39.27,141.88,24.15,86,0,5.97
121,Georgetown,MY,2020-12-20 13:24:54,5.41,100.34,80.6,78,20,4.7
122,Kahului,US,2020-12-20 13:23:03,20.89,-156.47,75.2,83,40,13.87
123,Port Hardy,CA,2020-12-20 13:24:55,50.7,-127.42,44.6,93,90,8.05
124,Saldanha,ZA,2020-12-20 13:20:07,-33.01,17.94,87.8,31,4,13.87
125,Kongolo,CD,2020-12-20 13:21:13,-5.38,27.0,82.4,67,36,2.64
126,Salinopolis,BR,2020-12-20 13:24:55,-0.61,-47.36,84.36,67,21,10.29
127,Te Anau,NZ,2020-12-20 13:24:55,-45.42,167.72,46.18,89,100,2.1
128,Witu,KE,2020-12-20 13:24:55,-2.39,40.44,87.8,62,1,10.29
129,Batagay,RU,2020-12-20 13:24:56,67.63,134.63,-40.68,80,95,0.98
130,Denpasar,ID,2020-12-20 13:20:35,-8.65,115.22,80.6,83,40,9.17
131,Nouadhibou,MR,2020-12-20 13:24:56,20.93,-17.03,75.2,36,0,16.11
132,Abu Zabad,SD,2020-12-20 13:24:56,12.35,29.25,90.41,15,61,6.73
133,Angoche,MZ,2020-12-20 13:24:56,-16.23,39.91,87.24,65,36,12.93
134,Sobolevo,RU,2020-12-20 13:24:56,54.43,31.9,33.94,96,100,6.62
135,Greymouth,NZ,2020-12-20 13:24:56,-42.47,171.2,58.96,94,100,4.7
136,Lompoc,US,2020-12-20 13:22:22,34.64,-120.46,42.8,74,1,6.93
137,Port Alfred,ZA,2020-12-20 13:24:57,-33.59,26.89,75.0,87,64,5.99
138,Cape Town,ZA,2020-12-20 13:24:57,-33.93,18.42,82.4,48,0,18.34
139,Hobart,AU,2020-12-20 13:20:11,-42.88,147.33,54.0,66,0,1.12
140,Yaan,NG,2020-12-20 13:24:57,7.38,8.57,98.42,17,0,5.79
141,Sitka,US,2020-12-20 13:24:57,57.05,-135.33,41.0,74,75,3.36
142,Umm Kaddadah,SD,2020-12-20 13:24:57,13.6,26.69,84.99,14,0,7.27
143,Faya,SA,2020-12-20 13:24:58,18.39,42.45,68.0,52,40,13.87
144,Komsomolskiy,UZ,2020-12-20 13:24:58,40.43,71.72,35.6,74,75,4.7
145,Baykit,RU,2020-12-20 13:24:58,61.67,96.37,-21.66,82,13,1.5
146,Isangel,VU,2020-12-20 13:24:58,-19.55,169.27,75.87,84,4,8.46
147,Castro,BR,2020-12-20 13:24:58,-24.79,-50.01,79.47,65,2,8.23
148,Dunedin,NZ,2020-12-20 13:24:59,-45.87,170.5,53.01,81,100,1.01
149,Tasiilaq,GL,2020-12-20 13:24:59,65.61,-37.64,19.4,57,100,2.24
150,Saint George,US,2020-12-20 13:24:59,37.1,-113.58,28.4,58,1,3.36
151,Huarmey,PE,2020-12-20 13:24:59,-10.07,-78.15,70.07,78,4,6.38
152,Aktas,KZ,2020-12-20 13:24:59,49.78,72.96,3.2,77,40,11.18
153,Saint-Augustin,CA,2020-12-20 13:24:59,51.23,-58.65,18.77,95,19,6.02
154,Oussouye,SN,2020-12-20 13:25:00,12.48,-16.55,91.4,26,0,6.93
155,Awbari,LY,2020-12-20 13:25:00,26.59,12.78,77.22,18,0,11.54
156,Viransehir,TR,2020-12-20 13:25:00,37.24,39.76,52.84,51,2,3.96
157,Mendi,PG,2020-12-20 13:25:00,-6.18,143.65,54.25,99,100,2.77
158,Zhigansk,RU,2020-12-20 13:25:00,66.77,123.37,-41.84,79,56,6.82
159,Smirnykh,RU,2020-12-20 13:25:00,49.75,142.83,-0.53,89,77,3.02
160,Thompson,CA,2020-12-20 13:25:01,55.74,-97.86,-16.6,68,40,5.82
161,Guerrero Negro,MX,2020-12-20 13:25:01,27.98,-114.06,51.1,54,100,1.14
162,Palana,RU,2020-12-20 13:25:01,59.12,159.97,2.35,93,83,2.77
163,Lata,PT,2020-12-20 13:25:01,40.16,-8.33,63.0,67,40,6.93
164,Tadine,NC,2020-12-20 13:25:01,-21.55,167.88,74.95,82,0,9.1
165,Gornyy,RU,2020-12-20 13:25:01,55.12,83.91,8.42,96,100,7.27
166,Rancho Palos Verdes,US,2020-12-20 13:25:01,33.74,-118.39,53.6,45,1,6.2
167,Nanortalik,GL,2020-12-20 13:25:01,60.14,-45.24,22.96,86,100,4.0
168,Pontianak,ID,2020-12-20 13:25:02,-0.03,109.33,77.9,89,100,4.03
169,Lorengau,PG,2020-12-20 13:25:02,-2.02,147.27,82.76,73,100,3.51
170,Manzil Salim,TN,2020-12-20 13:25:02,35.86,8.48,53.6,66,75,6.93
171,Srednekolymsk,RU,2020-12-20 13:25:02,67.45,153.68,-35.79,83,0,1.48
172,Langsa,ID,2020-12-20 13:25:02,4.47,97.97,76.15,91,100,0.29
173,Andenes,NO,2020-12-20 13:25:02,69.31,16.12,41.0,93,75,12.75
174,Novaya Ladoga,RU,2020-12-20 13:25:02,60.1,32.3,35.01,99,100,8.52
175,Lagoa,PT,2020-12-20 13:25:03,39.05,-27.98,63.91,82,100,34.81
176,Udachnyy,RU,2020-12-20 13:25:03,66.42,112.4,-32.8,73,90,2.68
177,Ilulissat,GL,2020-12-20 13:25:03,69.22,-51.1,12.2,51,20,17.22
178,Namibe,AO,2020-12-20 13:25:03,-15.2,12.15,77.0,65,40,17.22
179,Massafra,IT,2020-12-20 13:25:03,40.59,17.12,59.0,74,99,1.41
180,Dali,CN,2020-12-20 13:25:03,25.7,100.18,44.19,60,0,1.45
181,Boa Vista,BR,2020-12-20 13:25:04,2.82,-60.67,84.2,58,75,18.34
182,Turukhansk,RU,2020-12-20 13:25:04,65.82,87.98,-18.31,87,100,10.58
183,Butaritari,KI,2020-12-20 13:25:04,3.07,172.79,80.89,81,100,15.1
184,Quatre Cocos,MU,2020-12-20 13:25:04,-20.21,57.76,84.2,70,40,11.41
185,Ornskoldsvik,SE,2020-12-20 13:25:04,63.29,18.72,37.4,100,61,6.93
186,Jyvaskyla,FI,2020-12-20 13:25:04,62.24,25.72,39.99,93,90,8.05
187,Marsa Matruh,EG,2020-12-20 13:25:04,31.35,27.25,66.2,55,75,6.93
188,Forio,IT,2020-12-20 13:25:05,40.73,13.86,62.01,77,43,6.62
189,Mayo,US,2020-12-20 13:25:05,38.89,-76.51,39.99,93,75,4.7
190,Paragominas,BR,2020-12-20 13:25:05,-2.97,-47.48,83.34,70,56,4.61
191,Lesozavodsk,RU,2020-12-20 13:25:05,45.48,133.42,-0.9,91,0,7.43
192,Margate,GB,2020-12-20 13:25:05,51.38,1.39,48.99,77,21,4.0
193,Nyakahanga,TZ,2020-12-20 13:25:06,-1.6,31.14,75.47,53,100,5.61
194,Hauterive,FR,2020-12-20 13:25:06,46.09,3.45,53.6,66,75,5.82
195,Mahibadhoo,MV,2020-12-20 13:25:07,3.78,72.97,81.03,81,100,14.85
196,Pevek,RU,2020-12-20 13:25:07,69.7,170.31,-6.27,89,0,1.97
197,Barrow,US,2020-12-20 13:25:07,71.29,-156.79,-16.6,68,1,14.99
198,Port Blair,IN,2020-12-20 13:24:12,11.67,92.75,80.94,78,33,13.85
199,Manzanillo,CU,2020-12-20 13:25:07,20.34,-77.12,72.82,84,6,11.41
200,Wlodawa,PL,2020-12-20 13:25:07,51.55,23.55,32.0,85,90,6.71
201,Port Alberni,CA,2020-12-20 13:25:08,49.24,-124.8,46.4,87,99,8.05
202,Omsukchan,RU,2020-12-20 13:25:08,62.53,155.8,-24.34,81,100,4.88
203,Ust-Kuyga,RU,2020-12-20 13:25:08,70.02,135.6,-33.11,82,100,3.06
204,Lebu,CL,2020-12-20 13:25:08,-37.62,-73.65,56.1,75,2,14.41
205,Japura,ID,2020-12-20 13:25:08,-0.32,102.35,76.15,93,100,4.03
206,Ixtapa,MX,2020-12-20 13:25:09,20.7,-105.2,63.0,93,5,2.89
207,Arraial Do Cabo,BR,2020-12-20 13:21:04,-22.97,-42.03,87.8,78,0,5.82
208,Clyde River,CA,2020-12-20 13:25:09,70.47,-68.59,-2.2,84,90,12.75
209,Biltine,TD,2020-12-20 13:25:09,14.53,20.92,90.57,10,0,6.17
210,Salalah,OM,2020-12-20 13:25:10,17.02,54.09,80.6,57,20,10.29
211,Ayan,RU,2020-12-20 13:25:10,56.45,138.17,-0.94,84,19,6.31
212,Hashimoto,JP,2020-12-20 13:20:23,34.32,135.62,46.4,61,75,20.8
213,Gumdag,TM,2020-12-20 13:25:10,39.21,54.59,43.16,63,100,20.13
214,Flinders,AU,2020-12-20 13:25:10,-34.58,150.86,70.0,88,100,1.01
215,Male,MV,2020-12-20 13:25:10,4.17,73.51,82.4,78,75,12.75
216,Donskoye,RU,2020-12-20 13:25:11,45.46,41.97,32.0,93,90,4.47
217,Chicama,PE,2020-12-20 13:25:11,-7.84,-79.15,64.4,88,75,9.17
218,Bamnet Narong,TH,2020-12-20 13:25:11,15.5,101.69,68.34,53,0,12.71
219,Kavaratti,IN,2020-12-20 13:25:11,10.57,72.64,82.45,66,76,6.55
220,Samarai,PG,2020-12-20 13:25:11,-10.62,150.67,82.47,73,52,1.88
221,Nemuro,JP,2020-12-20 13:25:11,43.32,145.57,26.06,87,21,14.43
222,Half Moon Bay,US,2020-12-20 13:25:11,37.46,-122.43,48.99,75,1,4.7
223,Chuy,UY,2020-12-20 13:25:11,-33.7,-53.46,67.35,53,0,16.4
224,Praia,CV,2020-12-20 13:25:12,14.92,-23.51,78.8,57,40,19.46
225,Umea,SE,2020-12-20 13:25:12,63.83,20.26,39.99,100,90,12.75
226,Arawa,PG,2020-12-20 13:25:12,-6.21,155.54,78.96,79,100,0.78
227,High River,CA,2020-12-20 13:20:49,50.58,-113.87,37.99,72,0,7.0
228,Mount Gambier,AU,2020-12-20 13:25:13,-37.83,140.77,53.6,76,0,11.41
229,Rawson,AR,2020-12-20 13:25:13,-43.3,-65.1,67.06,35,0,5.28
230,Cache Creek,CA,2020-12-20 13:25:13,50.81,-121.32,41.0,79,1,2.24
231,Avera,US,2020-12-20 13:25:13,33.19,-82.53,44.6,96,90,3.36
232,Amurzet,RU,2020-12-20 13:25:13,47.7,131.1,4.71,86,84,5.39
233,Alyangula,AU,2020-12-20 13:25:14,-13.85,136.42,82.4,78,100,5.82
234,Cayenne,GF,2020-12-20 13:25:14,4.93,-52.33,78.8,100,100,4.7
235,Slave Lake,CA,2020-12-20 13:25:14,55.28,-114.77,24.8,92,90,4.7
236,Melilla,ES,2020-12-20 13:25:14,35.29,-2.94,66.2,55,20,6.93
237,Palauig,PH,2020-12-20 13:25:14,15.44,119.9,80.51,70,7,6.58
238,Zavyalovo,RU,2020-12-20 13:25:14,54.51,82.45,6.8,84,90,6.71
239,Valparaiso,CL,2020-12-20 13:22:03,-33.04,-71.63,62.6,55,0,3.36
240,Constitucion,CL,2020-12-20 13:25:15,-35.33,-72.42,62.71,55,0,7.78
241,Praia Da Vitoria,PT,2020-12-20 13:25:15,38.73,-27.07,66.2,77,40,29.06
242,Rocha,UY,2020-12-20 13:25:15,-34.48,-54.33,66.88,53,52,22.03
243,Havoysund,NO,2020-12-20 13:25:15,71.0,24.66,30.2,80,75,26.4
244,Necochea,AR,2020-12-20 13:25:15,-38.55,-58.74,60.01,65,100,5.99
245,Ostrovnoy,RU,2020-12-20 13:25:15,68.05,39.51,24.66,94,100,11.5
246,Misratah,LY,2020-12-20 13:25:15,32.38,15.09,67.3,50,0,13.0
247,Shimoda,JP,2020-12-20 13:25:16,34.67,138.95,44.87,63,54,5.44
248,Naze,JP,2020-12-20 13:25:16,28.37,129.48,59.0,58,40,14.99
249,Veseloyarsk,RU,2020-12-20 13:25:16,51.28,81.11,22.06,97,100,15.03
250,Atakpame,TG,2020-12-20 13:25:16,7.53,1.13,95.86,32,2,2.51
251,Asaba,NG,2020-12-20 13:25:16,6.2,6.73,100.94,28,3,2.28
252,Vrangel,RU,2020-12-20 13:25:16,42.73,133.08,17.71,79,0,10.63
253,Vitim,RU,2020-12-20 13:25:17,59.45,112.56,3.24,91,84,6.26
254,Altamira,BR,2020-12-20 13:20:42,-3.2,-52.21,78.8,94,75,5.08
255,Ishinomaki,JP,2020-12-20 13:25:17,38.42,141.3,28.4,74,40,3.36
256,Plouzane,FR,2020-12-20 13:25:17,48.38,-4.62,53.6,76,75,14.99
257,Marzuq,YE,2020-12-20 13:25:17,14.4,46.47,77.38,36,29,6.78
258,Maun,BW,2020-12-20 13:23:17,-19.98,23.42,71.6,100,75,5.82
259,Abu Kamal,SY,2020-12-20 13:25:18,34.45,40.92,64.0,39,0,5.01
260,Bengkulu,ID,2020-12-20 13:25:18,-3.8,102.27,78.01,82,94,2.98
261,Berlevag,NO,2020-12-20 13:25:18,70.86,29.09,30.72,96,100,33.44
262,Urumqi,CN,2020-12-20 13:25:19,43.8,87.6,1.4,84,0,2.24
263,Champerico,GT,2020-12-20 13:25:19,14.3,-91.92,69.8,83,75,4.7
264,Ahuimanu,US,2020-12-20 13:25:19,21.44,-157.84,75.2,83,40,13.87
265,Hukuntsi,BW,2020-12-20 13:25:19,-24.0,21.75,87.1,38,100,15.43
266,Lakatoro,VU,2020-12-20 13:25:19,-16.1,167.42,80.6,78,40,2.24
267,Kaihua,CN,2020-12-20 13:25:19,23.37,104.28,42.26,78,3,2.28
268,Adamas,GR,2020-12-20 13:25:20,36.73,24.43,57.2,67,40,11.41
269,Taoudenni,ML,2020-12-20 13:25:20,22.68,-3.98,75.45,21,0,14.5
270,Padang,ID,2020-12-20 13:25:20,-0.95,100.35,79.36,74,59,3.31
271,Port-Gentil,GA,2020-12-20 13:25:20,-0.72,8.78,86.0,79,40,12.75
272,Weihai,CN,2020-12-20 13:25:20,37.5,122.11,35.53,79,0,14.12
273,Vestmannaeyjar,IS,2020-12-20 13:25:21,63.44,-20.27,33.8,74,20,18.34
274,High Level,CA,2020-12-20 13:25:21,58.52,-117.14,-7.6,76,90,2.24
275,Bilibino,RU,2020-12-20 13:25:21,68.05,166.44,-19.43,84,15,5.44
276,Wattegama,LK,2020-12-20 13:25:21,6.8,81.48,77.0,100,75,5.82
277,Moquegua,PE,2020-12-20 13:25:21,-17.2,-70.94,70.0,42,11,5.99
278,Hirara,JP,2020-12-20 13:25:21,24.8,125.28,66.61,76,100,27.89
279,Tromso,NO,2020-12-20 13:20:24,69.65,18.96,37.4,86,90,12.75
280,Tautira,PF,2020-12-20 13:25:22,-17.73,-149.15,77.0,78,40,5.82
281,Longyearbyen,SJ,2020-12-20 13:23:17,78.22,15.64,3.2,59,0,27.51
282,Qaqortoq,GL,2020-12-20 13:25:22,60.72,-46.03,21.2,53,75,4.65
283,Kushiro,JP,2020-12-20 13:25:22,42.98,144.37,23.02,82,0,5.19
284,Souillac,MU,2020-12-20 13:25:22,-20.52,57.52,84.2,70,40,11.41
285,Toguchin,RU,2020-12-20 13:25:22,55.24,84.39,11.21,95,100,7.56
286,Fuling,CN,2020-12-20 13:25:23,29.7,107.39,46.06,61,43,1.88
287,San Vicente,AR,2020-12-20 13:25:23,-26.62,-54.13,68.54,100,100,3.47
288,Sao Filipe,CV,2020-12-20 13:25:23,14.9,-24.5,74.91,65,99,14.41
289,Russellville,US,2020-12-20 13:25:23,35.28,-93.13,37.0,100,75,3.36
290,Maceio,BR,2020-12-20 13:25:23,-9.67,-35.74,86.0,58,40,12.75
291,Kilindoni,TZ,2020-12-20 13:25:23,-7.91,39.67,84.0,69,0,10.58
292,Calbuco,CL,2020-12-20 13:25:24,-41.77,-73.13,55.4,76,75,8.05
293,Dwarka,IN,2020-12-20 13:25:24,22.24,68.97,72.32,44,87,7.85
294,Matagami,CA,2020-12-20 13:25:24,49.75,-77.63,28.4,100,90,13.87
295,Labuan,MY,2020-12-20 13:25:24,5.28,115.24,80.6,88,40,5.82
296,Gorokhovets,RU,2020-12-20 13:25:25,56.19,42.7,15.8,85,90,6.71
297,San Cristobal,VE,2020-12-20 13:25:25,7.77,-72.22,75.2,69,20,2.24
298,Rorvik,NO,2020-12-20 13:25:25,64.86,11.24,44.37,72,2,17.54
299,Doka,SD,2020-12-20 13:25:25,13.52,35.77,95.45,16,0,8.23
300,Palu,ID,2020-12-20 13:25:25,-0.89,119.87,79.03,67,100,3.06
301,Murgab,TM,2020-12-20 13:25:25,37.5,61.97,37.4,69,90,11.41
302,Innisfail,AU,2020-12-20 13:25:26,-17.53,146.03,76.32,84,9,2.1
303,Vao,NC,2020-12-20 13:25:26,-22.67,167.48,75.76,80,12,15.41
304,Honningsvag,NO,2020-12-20 13:25:26,70.98,25.97,31.15,98,100,25.95
305,Mishelevka,RU,2020-12-20 13:25:26,52.86,103.17,13.68,92,66,4.41
306,Esperance,AU,2020-12-20 13:25:26,-33.87,121.9,60.8,77,0,9.17
307,Haines Junction,CA,2020-12-20 13:25:26,60.75,-137.51,13.08,93,94,2.35
308,Airai,TL,2020-12-20 13:25:26,-8.93,125.41,62.49,100,100,2.28
309,Port Macquarie,AU,2020-12-20 13:23:22,-31.43,152.92,72.0,96,100,1.01
310,San Quintin,MX,2020-12-20 13:25:27,30.48,-115.95,54.7,50,10,1.45
311,Leningradskiy,RU,2020-12-20 13:25:27,69.38,178.42,0.99,91,100,12.82
312,Annau,TM,2020-12-20 13:25:27,37.89,58.52,41.0,80,90,9.17
313,Sao Miguel Do Araguaia,BR,2020-12-20 13:23:47,-13.28,-50.16,88.0,55,67,3.83
314,Yumen,CN,2020-12-20 13:25:27,40.28,97.2,18.23,69,0,6.71
315,Ambilobe,MG,2020-12-20 13:25:27,-13.2,49.05,79.09,87,100,3.13
316,Sorong,ID,2020-12-20 13:25:28,-0.88,131.25,81.84,80,100,9.78
317,Boende,CD,2020-12-20 13:25:28,-0.22,20.87,86.23,55,82,2.17
318,Muravlenko,RU,2020-12-20 13:25:28,63.79,74.52,5.59,95,100,11.86
319,Shiyan,CN,2020-12-20 13:25:28,32.65,110.78,36.0,48,90,2.46
320,Finschhafen,PG,2020-12-20 13:25:28,-6.6,147.87,81.5,80,100,10.65
321,Turan,VN,2020-12-20 13:24:26,16.07,108.22,64.4,93,75,3.36
322,Iskateley,RU,2020-12-20 13:25:29,67.68,53.15,6.13,94,0,5.06
323,Luderitz,NA,2020-12-20 13:25:29,-26.65,15.16,73.4,60,100,6.93
324,Gornopravdinsk,RU,2020-12-20 13:25:29,60.05,69.9,11.43,93,100,11.72
325,Mar Del Plata,AR,2020-12-20 13:25:29,-38.0,-57.56,62.01,72,75,20.8
326,Kodiak,US,2020-12-20 13:25:29,57.79,-152.41,17.6,92,1,8.05
327,Ishigaki,JP,2020-12-20 13:25:29,24.34,124.16,67.33,79,100,30.74
328,Hervey Bay,AU,2020-12-20 13:20:49,-25.3,152.85,78.01,79,21,3.0
329,Belmonte,BR,2020-12-20 13:25:29,-15.86,-38.88,78.8,83,75,5.82
330,Belyy Yar,RU,2020-12-20 13:25:30,53.6,91.39,15.8,78,100,2.24
331,Kavieng,PG,2020-12-20 13:25:30,-2.57,150.8,83.68,74,100,7.23
332,Slidell,US,2020-12-20 13:21:44,30.28,-89.78,57.2,93,90,5.82
333,Shaunavon,CA,2020-12-20 13:25:30,49.65,-108.42,33.8,74,100,23.04
334,Linfen,CN,2020-12-20 13:20:59,36.09,111.52,32.49,75,0,3.44
335,Karratha,AU,2020-12-20 13:25:30,-20.74,116.85,88.99,50,1,19.77
336,Upata,VE,2020-12-20 13:25:31,8.01,-62.4,75.99,89,24,4.0
337,Bharatpur,IN,2020-12-20 13:25:31,27.22,77.48,61.43,31,29,5.39
338,Pachino,IT,2020-12-20 13:25:31,36.72,15.09,57.0,87,99,1.99
339,Nalhati,IN,2020-12-20 13:25:31,24.3,87.82,63.57,39,93,6.62
340,Batagay-Alyta,RU,2020-12-20 13:25:31,67.8,130.41,-31.18,83,70,1.59
341,Wala,CM,2020-12-20 13:25:31,4.58,12.32,95.4,22,0,2.53
342,Kargopol,RU,2020-12-20 13:25:31,61.51,38.95,34.47,96,100,9.04
343,Provideniya,RU,2020-12-20 13:25:32,64.38,-173.3,-3.69,88,2,14.85
344,Iqaluit,CA,2020-12-20 13:25:32,63.75,-68.51,10.4,66,75,9.17
345,Bubaque,GW,2020-12-20 13:25:32,11.28,-15.83,80.94,47,0,4.03
346,Usolye,RU,2020-12-20 13:25:32,59.43,56.68,5.0,79,100,4.0
347,Cananeia,BR,2020-12-20 13:25:32,-25.01,-47.93,89.85,55,100,3.42
348,Gopalpur,IN,2020-12-20 13:25:32,19.27,84.92,70.39,50,0,5.61
349,Nanakuli,US,2020-12-20 13:25:33,21.39,-158.15,75.2,78,20,4.7
350,Nagorsk,RU,2020-12-20 13:25:33,59.32,50.81,8.26,93,83,10.27
351,Vanimo,PG,2020-12-20 13:25:33,-2.67,141.3,79.47,80,100,1.72
352,Havre-Saint-Pierre,CA,2020-12-20 13:25:33,50.23,-63.6,23.0,85,90,5.82
353,Luau,AO,2020-12-20 13:25:33,-10.71,22.22,72.07,89,68,8.21
354,Aklavik,CA,2020-12-20 13:25:33,68.22,-135.01,-40.0,72,84,3.36
355,Gaur,NP,2020-12-20 13:25:34,26.77,85.27,62.55,36,75,2.73
356,Salamiyah,SY,2020-12-20 13:25:34,35.01,37.05,61.2,45,0,5.95
357,Laguna,US,2020-12-20 13:25:34,38.42,-121.42,35.6,83,90,2.3
358,Payakumbuh,ID,2020-12-20 13:23:15,-0.22,100.63,71.33,88,89,1.32
359,San Patricio,US,2020-12-20 13:25:34,28.02,-97.52,48.2,100,90,8.05
360,Buala,SB,2020-12-20 13:25:34,-8.14,159.59,80.6,78,84,3.31
361,Dudinka,RU,2020-12-20 13:25:34,69.41,86.18,-36.4,65,40,2.24
362,Mogwase,ZA,2020-12-20 13:25:35,-25.18,27.27,87.6,26,100,7.16
363,Sawakin,SD,2020-12-20 13:25:35,19.11,37.33,104.0,38,0,6.93
364,Kautokeino,NO,2020-12-20 13:25:35,69.01,23.04,34.43,93,100,15.64
365,Buraydah,SA,2020-12-20 13:25:35,26.33,43.98,62.6,82,40,10.29
366,Coquimbo,CL,2020-12-20 13:25:35,-29.95,-71.34,60.8,77,20,11.41
367,Kovdor,RU,2020-12-20 13:25:35,67.57,30.48,24.78,98,100,5.28
368,Kapuskasing,CA,2020-12-20 13:21:10,49.42,-82.43,28.4,100,99,11.41
369,Lamar,US,2020-12-20 13:25:36,33.67,-95.58,30.2,100,1,4.9
370,Okato,NZ,2020-12-20 13:25:36,-39.2,173.88,57.99,83,17,11.01
371,Paita,PE,2020-12-20 13:25:36,-5.09,-81.11,71.6,73,40,19.46
372,North Bend,US,2020-12-20 13:25:36,43.41,-124.22,57.0,100,90,16.11
373,Mongoumba,CF,2020-12-20 13:25:36,3.64,18.59,98.71,17,0,5.12
374,Hamilton,US,2020-12-20 13:25:37,39.18,-84.53,39.99,93,90,6.93
375,Pangnirtung,CA,2020-12-20 13:25:37,66.15,-65.71,12.25,78,100,20.36
376,Morehead,US,2020-12-20 13:25:37,37.27,-87.18,42.01,93,90,4.43
377,Indramayu,ID,2020-12-20 13:25:37,-6.33,108.32,82.36,78,100,11.83
378,Moron,AR,2020-12-20 13:25:37,-34.65,-58.62,70.0,51,0,10.0
379,Mangrol,IN,2020-12-20 13:25:37,21.12,70.12,76.44,53,98,5.91
380,Baker City,US,2020-12-20 13:25:37,44.77,-117.83,39.2,69,90,6.93
381,Yenotayevka,RU,2020-12-20 13:25:38,47.25,47.03,27.81,95,100,11.45
382,Jos,NG,2020-12-20 13:25:38,9.92,8.9,85.06,16,5,7.4
383,Warmbad,NA,2020-12-20 13:25:38,-28.45,18.73,86.56,34,100,24.74
384,Progreso,MX,2020-12-20 13:25:38,21.28,-89.67,69.01,100,20,4.88
385,Falam,MM,2020-12-20 13:25:38,22.92,93.68,46.44,100,59,0.58
386,Broome,US,2020-12-20 13:25:38,42.25,-75.83,27.0,85,90,6.93
387,Acarau,BR,2020-12-20 13:25:17,-2.89,-40.12,86.56,58,34,17.69
388,Aguimes,ES,2020-12-20 13:25:39,27.91,-15.45,72.0,64,75,12.75
389,Bethel,US,2020-12-20 13:25:39,41.37,-73.41,25.0,79,90,1.54
390,Pointe Michel,DM,2020-12-20 13:25:39,15.25,-61.38,82.4,65,75,4.7
391,Geraldton,AU,2020-12-20 13:25:39,-28.77,114.6,71.6,73,0,23.04
392,Ruwi,OM,2020-12-20 13:25:40,23.6,58.55,75.2,60,75,6.93
393,Sterling,US,2020-12-20 13:25:40,39.01,-77.43,35.6,80,90,5.82
394,Nuuk,GL,2020-12-20 13:25:40,64.18,-51.72,24.01,62,40,9.17
395,Qui Nhon,VN,2020-12-20 13:21:53,13.77,109.23,70.47,86,100,25.99
396,Pandan,PH,2020-12-20 13:25:41,14.05,124.17,79.95,85,100,15.5
397,Westport,US,2020-12-20 13:25:41,41.14,-73.36,30.0,74,90,1.7
398,Kaohsiung,TW,2020-12-20 13:24:13,22.62,120.31,68.0,64,75,5.82
399,Kieta,PG,2020-12-20 13:25:41,-6.22,155.63,80.78,76,100,2.24
400,Chandler,US,2020-12-20 13:25:41,33.31,-111.84,42.8,69,5,4.07
401,Pisco,PE,2020-12-20 13:25:41,-13.7,-76.22,71.6,73,0,2.24
402,Mulchen,CL,2020-12-20 13:25:41,-37.72,-72.23,59.0,62,20,11.41
403,Kaffrine,SN,2020-12-20 13:25:41,14.11,-15.55,86.0,25,0,9.17
404,Plettenberg Bay,ZA,2020-12-20 13:25:42,-34.05,23.37,74.21,68,3,16.82
405,Port Keats,AU,2020-12-20 13:25:42,-14.25,129.55,81.16,84,100,8.08
406,Victoria,HK,2020-12-20 13:25:42,22.29,114.16,62.01,56,62,1.01
407,Kismayo,SO,2020-12-20 13:25:42,-0.36,42.55,83.34,66,5,14.18
408,Sao Jose Da Coroa Grande,BR,2020-12-20 13:25:42,-8.9,-35.15,83.7,62,2,14.34
409,Poso,ID,2020-12-20 13:25:42,-1.4,120.75,84.99,73,100,3.38
410,Kruisfontein,ZA,2020-12-20 13:25:42,-34.0,24.73,73.99,82,22,5.99
411,Harper,LR,2020-12-20 13:25:43,4.38,-7.72,82.98,75,78,8.01
412,Avesta,SE,2020-12-20 13:25:43,60.15,16.17,44.01,96,100,4.0
413,Igrim,RU,2020-12-20 13:25:43,63.19,64.42,12.85,89,57,13.47
414,Cedar City,US,2020-12-20 13:25:43,37.68,-113.06,17.6,78,1,3.36
415,Sovetskiy,RU,2020-12-20 13:25:43,61.36,63.58,12.7,94,100,14.23
416,Gushikawa,JP,2020-12-20 13:25:43,26.35,127.87,60.8,72,75,11.41
417,Ikalamavony,MG,2020-12-20 13:25:44,-21.15,46.58,75.92,69,94,7.52
418,Sinnamary,GF,2020-12-20 13:25:44,5.38,-52.95,81.34,80,57,5.93
419,Ulladulla,AU,2020-12-20 13:25:44,-35.35,150.47,66.2,100,75,4.7
420,Tupiza,BO,2020-12-20 13:25:44,-21.45,-65.72,65.66,45,95,6.87
421,Beinamar,TD,2020-12-20 13:25:44,8.67,15.38,98.62,9,0,5.57
422,Begusarai,IN,2020-12-20 13:25:44,25.42,86.13,60.3,34,87,4.14
423,Nantou,TW,2020-12-20 13:25:45,23.83,120.93,64.99,74,100,4.45
424,Xining,CN,2020-12-20 13:25:45,36.62,101.77,13.71,70,33,4.79
425,Saint Anthony,US,2020-12-20 13:25:45,45.02,-93.22,21.2,85,1,3.36
426,Saint-Francois,FR,2020-12-20 13:25:45,46.42,3.91,53.01,87,90,3.36
427,Manggar,ID,2020-12-20 13:25:45,-2.88,108.27,80.17,82,100,7.67
428,Sao Joao Da Barra,BR,2020-12-20 13:25:45,-21.64,-41.05,87.8,55,0,6.93
429,Mackay,AU,2020-12-20 13:25:46,-21.15,149.2,80.6,78,75,11.41
430,Paso De Carrasco,UY,2020-12-20 13:25:00,-34.86,-56.05,64.4,55,75,17.22
431,Tuatapere,NZ,2020-12-20 13:25:46,-46.13,167.68,46.99,91,100,4.0
432,Coruripe,BR,2020-12-20 13:25:46,-10.13,-36.18,85.28,60,28,16.93
433,Kurumkan,RU,2020-12-20 13:25:46,54.3,110.3,17.37,89,28,5.39
434,Paungde,MM,2020-12-20 13:25:46,18.48,95.5,73.8,71,0,6.91
435,Epe,NG,2020-12-20 13:25:46,6.58,3.98,91.08,52,28,6.49
436,Coffs Harbour,AU,2020-12-20 13:25:47,-30.3,153.13,73.4,88,64,5.82
437,Matara,LK,2020-12-20 13:25:47,5.95,80.54,77.4,88,100,9.57
438,Sisophon,KH,2020-12-20 13:25:47,13.59,102.97,71.65,62,100,9.22
439,Suileng,CN,2020-12-20 13:25:47,47.25,127.08,1.36,93,54,8.84
440,Sao Gabriel Da Cachoeira,BR,2020-12-20 13:25:47,-0.13,-67.09,78.8,88,75,2.24
441,Fare,PF,2020-12-20 13:25:47,-16.7,-151.02,80.96,71,61,8.34
442,Nurota,UZ,2020-12-20 13:25:48,40.56,65.69,30.2,86,90,9.17
443,Arona,ES,2020-12-20 13:25:48,28.1,-16.68,73.0,68,20,16.11
444,Aldan,RU,2020-12-20 13:25:48,58.6,125.39,6.51,92,100,12.66
445,Cordoba,AR,2020-12-20 13:24:27,-31.41,-64.18,69.8,52,40,4.7
446,Normandin,CA,2020-12-20 13:25:48,48.83,-72.53,23.0,92,78,8.05
447,Agadez,NE,2020-12-20 13:25:48,19.75,10.25,81.59,15,0,7.81
448,Gao,ML,2020-12-20 13:25:49,16.64,1.64,90.46,12,0,4.32
449,Flin Flon,CA,2020-12-20 13:25:49,54.77,-101.86,-4.0,76,90,3.04
450,Srivardhan,IN,2020-12-20 13:25:49,18.03,73.02,77.29,61,24,8.5
451,Glossa,GR,2020-12-20 13:25:49,35.47,23.78,63.0,82,75,8.68
452,Vassouras,BR,2020-12-20 13:25:49,-22.4,-43.66,89.6,52,0,16.11
453,Port Hedland,AU,2020-12-20 13:25:49,-20.32,118.57,86.0,62,17,13.87
454,Nampula,MZ,2020-12-20 13:25:49,-15.12,39.27,93.2,38,75,3.36
455,Grindavik,IS,2020-12-20 13:25:50,63.84,-22.43,32.0,84,75,29.97
456,Mangai,CD,2020-12-20 13:25:50,-4.05,19.53,69.15,97,100,2.82
457,Oga,IT,2020-12-20 13:25:50,46.46,10.35,48.0,72,40,6.93
458,Beidao,CN,2020-12-20 13:25:50,34.57,105.89,21.99,69,0,3.0
459,San Angelo,US,2020-12-20 13:22:01,31.46,-100.44,37.4,51,1,6.93
460,Mezen,RU,2020-12-20 13:25:50,65.85,44.24,19.22,98,85,4.41
461,Taltal,CL,2020-12-20 13:25:51,-25.4,-70.48,65.98,62,0,4.81
462,Kabansk,RU,2020-12-20 13:25:51,52.05,106.65,-4.0,83,0,7.67
463,Challans,FR,2020-12-20 13:25:51,46.84,-1.87,55.4,76,100,9.17
464,Nishihara,JP,2020-12-20 13:25:51,26.18,127.76,62.6,55,75,11.41
465,Tezu,IN,2020-12-20 13:25:52,27.92,96.17,61.83,36,0,4.43
466,Codrington,AU,2020-12-20 13:25:52,-38.27,141.97,49.86,91,0,9.89
467,Laurel,US,2020-12-20 13:21:22,39.1,-76.85,36.0,90,90,3.78
468,Sarahan,IN,2020-12-20 13:25:52,31.52,77.8,43.74,48,100,6.15
469,Murray Bridge,AU,2020-12-20 13:25:52,-35.12,139.27,62.01,85,70,4.0
470,Petropavlovsk-Kamchatskiy,RU,2020-12-20 13:25:52,53.05,158.65,5.0,77,0,11.18
471,Amudat,UG,2020-12-20 13:25:53,1.95,34.95,86.97,26,13,16.22
472,Husavik,IS,2020-12-20 13:25:53,66.04,-17.34,32.0,93,90,2.24
473,Zaragoza,ES,2020-12-20 13:25:04,41.66,-0.88,57.0,76,20,8.05
474,Southbridge,US,2020-12-20 13:25:53,42.08,-72.03,25.0,62,100,3.27
475,Yuli,NG,2020-12-20 13:25:53,9.7,10.27,95.9,10,0,7.47
476,Launceston,AU,2020-12-20 13:25:53,-41.45,147.17,50.0,76,0,8.05
477,Kaeo,NZ,2020-12-20 13:25:54,-35.1,173.78,61.0,91,11,1.54
478,Cervo,ES,2020-12-20 13:25:54,43.67,-7.41,59.0,79,98,4.0
479,Savonlinna,FI,2020-12-20 13:25:54,61.87,28.88,39.2,93,90,8.05
480,Touros,BR,2020-12-20 13:25:54,-5.2,-35.46,86.0,62,75,14.99
481,Sochi,RU,2020-12-20 13:25:54,43.6,39.73,48.2,76,90,2.24
482,Yambio,SS,2020-12-20 13:25:54,4.57,28.4,95.18,16,57,5.32
483,Lavrentiya,RU,2020-12-20 13:25:54,65.58,-171.0,-7.58,88,13,10.67
484,Hovd,MN,2020-12-20 13:25:55,48.01,91.64,3.36,82,100,0.83
485,Yarada,IN,2020-12-20 13:25:55,17.65,83.27,75.2,60,0,3.36
486,San-Pedro,CI,2020-12-20 13:25:55,4.75,-6.64,82.49,79,100,6.91
487,Los Llanos De Aridane,ES,2020-12-20 13:25:55,28.66,-17.92,71.6,73,75,4.7
488,Westhoughton,GB,2020-12-20 13:25:55,53.55,-2.52,46.99,78,100,4.0
489,Sabha,LY,2020-12-20 13:25:56,27.04,14.43,75.79,19,0,7.63
490,Kawalu,ID,2020-12-20 13:25:56,-7.38,108.21,73.9,87,91,1.95
491,Gilbues,BR,2020-12-20 13:25:56,-9.83,-45.34,82.67,65,100,2.28
492,Menongue,AO,2020-12-20 13:21:28,-14.66,17.69,82.15,51,59,5.32
493,Fukue,JP,2020-12-20 13:25:56,32.69,128.84,48.45,62,100,17.34
494,Seymchan,RU,2020-12-20 13:25:56,62.88,152.43,-27.0,83,93,2.68
495,Moravska Trebova,CZ,2020-12-20 13:25:56,49.76,16.66,37.0,78,99,5.01
496,Livingstone,ZM,2020-12-20 13:25:57,-17.84,25.85,77.81,77,100,4.12
497,Port Augusta,AU,2020-12-20 13:25:57,-32.5,137.77,68.0,93,90,8.05
498,Celano,IT,2020-12-20 13:25:57,42.09,13.54,54.0,51,100,3.0
499,Cap Malheureux,MU,2020-12-20 13:25:57,-19.98,57.61,82.99,68,0,10.0
500,Hefei,CN,2020-12-20 13:25:57,31.86,117.28,37.4,55,0,4.47
501,Soyo,AO,2020-12-20 13:25:57,-6.13,12.37,86.0,66,20,8.05
502,Jiuquan,CN,2020-12-20 13:25:58,39.74,98.52,17.67,74,0,4.99
503,Araouane,ML,2020-12-20 13:25:58,18.9,-3.53,75.87,19,0,14.14
504,Roebourne,AU,2020-12-20 13:25:58,-20.78,117.13,90.41,47,3,13.04
505,Zlotow,PL,2020-12-20 13:25:58,53.36,17.04,35.01,81,100,10.02
506,Hun,LY,2020-12-20 13:25:58,29.13,15.95,72.75,29,0,8.34
507,La Asuncion,VE,2020-12-20 13:25:58,11.03,-63.86,79.84,78,35,13.2
508,Port Hawkesbury,CA,2020-12-20 13:25:59,45.62,-61.35,28.99,86,90,5.82
509,Luanda,AO,2020-12-20 13:21:50,-8.84,13.23,84.2,58,40,13.87
510,Balikpapan,ID,2020-12-20 13:25:59,-1.27,116.83,80.6,88,20,3.36
511,Antsohihy,MG,2020-12-20 13:25:59,-14.88,47.99,88.39,60,92,9.93
512,Myitkyina,MM,2020-12-20 13:25:59,25.38,97.4,59.63,57,0,2.13
513,Namatanai,PG,2020-12-20 13:25:59,-3.67,152.43,80.64,79,53,4.21
514,Vostok,RU,2020-12-20 13:25:59,46.49,135.88,-12.44,91,18,5.7
515,Tahta,EG,2020-12-20 13:26:00,26.77,31.5,75.2,57,0,9.17
516,Tibati,CM,2020-12-20 13:26:00,6.47,12.63,97.12,11,0,5.37
517,San Rafael,AR,2020-12-20 13:26:00,-34.62,-68.33,63.61,43,0,5.41
518,Lyuban,BY,2020-12-20 13:26:00,52.8,28.0,34.77,93,100,3.44
519,Shakawe,BW,2020-12-20 13:26:00,-18.37,21.85,86.72,50,100,9.15
520,Sisimiut,GL,2020-12-20 13:21:31,66.94,-53.67,12.65,85,95,13.96
521,Bad Ems,DE,2020-12-20 13:26:01,50.33,7.72,48.0,91,99,4.79
522,Taber,CA,2020-12-20 13:26:01,49.82,-112.15,48.2,56,100,21.92
523,Hualmay,PE,2020-12-20 13:26:01,-11.1,-77.61,69.17,81,42,5.66
524,Santa Cruz,BO,2020-12-20 13:24:18,-17.8,-63.17,80.6,83,75,11.41
525,Fairbanks,US,2020-12-20 13:23:04,64.84,-147.72,-4.0,76,90,2.8
526,Salvador,SV,2020-12-20 13:25:48,13.83,-88.92,75.2,93,0,5.82
527,Dukat,RU,2020-12-20 13:26:03,62.55,155.55,-29.15,84,97,3.94
528,Derzhavinsk,KZ,2020-12-20 13:26:03,51.1,66.32,-9.85,88,0,9.86
529,Callaway,US,2020-12-20 13:26:03,30.15,-85.57,55.4,87,90,8.05
530,Tazovskiy,RU,2020-12-20 13:26:03,67.47,78.7,-30.1,85,15,9.15
531,Seydi,TM,2020-12-20 13:26:04,39.48,62.91,30.7,94,0,7.18
532,Palizada,MX,2020-12-20 13:26:04,18.25,-92.08,73.4,88,40,4.7
533,Sainte-Savine,FR,2020-12-20 13:26:04,48.3,4.05,54.0,76,75,8.05
534,Hobyo,SO,2020-12-20 13:26:04,5.35,48.53,81.21,68,0,19.06
535,Ostersund,SE,2020-12-20 13:26:04,63.18,14.64,41.0,75,75,4.7
536,Qena,EG,2020-12-20 13:26:05,26.16,32.72,77.0,38,0,3.0
537,Okakarara,NA,2020-12-20 13:26:05,-20.58,17.43,85.62,36,100,8.37
538,Eureka,US,2020-12-20 13:26:05,40.8,-124.16,53.01,96,1,4.79
539,Akyab,MM,2020-12-20 13:26:05,20.15,92.9,73.49,66,0,10.02
540,Oppdal,NO,2020-12-20 13:26:05,62.59,9.69,31.87,92,1,13.49
541,Nam Som,TH,2020-12-20 13:26:05,17.77,102.19,69.8,52,82,9.17
542,Mehamn,NO,2020-12-20 13:26:05,71.04,27.85,30.0,97,100,32.75
543,Salinas,US,2020-12-20 13:26:06,36.68,-121.66,42.01,58,1,5.23
544,Ketchikan,US,2020-12-20 13:26:06,55.34,-131.65,35.6,100,75,2.71
545,Beaverlodge,CA,2020-12-20 13:26:06,55.22,-119.44,37.4,69,75,23.04
546,Pilar,BR,2020-12-20 13:26:06,-9.6,-35.96,86.0,58,40,12.75
547,Keetmanshoop,NA,2020-12-20 13:26:06,-26.58,18.13,98.74,17,93,19.3
548,Darasun,RU,2020-12-20 13:26:07,51.67,114.0,15.8,52,7,6.71
549,Catio,GW,2020-12-20 13:26:07,11.28,-15.25,95.76,18,0,8.03
550,Acapulco,MX,2020-12-20 13:23:03,16.86,-99.89,73.4,94,40,5.82
551,Tamworth,GB,2020-12-20 13:26:07,52.63,-1.7,46.4,81,40,8.05
552,Allapalli,IN,2020-12-20 13:26:07,19.42,80.07,66.51,36,89,3.31
553,Port Stanley,FK,2020-12-20 13:26:07,-51.7,-57.85,51.8,76,75,18.34
554,Lasa,IT,2020-12-20 13:26:08,46.62,10.7,44.01,80,75,4.7
555,Raudeberg,NO,2020-12-20 13:26:08,61.99,5.14,45.0,87,100,31.23
556,Northam,GB,2020-12-20 13:26:08,51.03,-4.22,51.01,83,97,5.99
557,Edd,ER,2020-12-20 13:26:08,13.93,41.69,86.76,53,85,17.52
558,East London,ZA,2020-12-20 14:16:50,-33.02,27.91,75.2,88,75,10.29
559,Punta Arenas,CL,2020-12-20 14:16:48,-53.15,-70.92,57.2,62,0,21.92
560,Yellowknife,CA,2020-12-20 14:15:08,62.46,-114.35,-22.0,67,75,8.05
561,Fukue,JP,2020-12-20 14:19:11,32.69,128.84,48.6,60,100,16.46
562,Cervo,ES,2020-12-20 14:19:11,43.67,-7.41,59.0,76,97,3.0
563,Boyolangu,ID,2020-12-20 14:19:11,-8.12,111.89,76.98,84,100,5.93
564,Bredasdorp,ZA,2020-12-20 14:19:12,-34.53,20.04,77.0,53,16,18.34
565,Mataura,NZ,2020-12-20 14:19:12,-46.19,168.86,46.99,91,100,3.0
566,New Norfolk,AU,2020-12-20 14:19:12,-42.78,147.06,52.0,67,95,1.88
567,Ponta Do Sol,PT,2020-12-20 14:19:12,32.67,-17.1,66.2,72,20,9.17
568,Ushuaia,AR,2020-12-20 14:16:09,-54.8,-68.3,51.8,71,75,8.05
569,Chengde,CN,2020-12-20 14:19:12,40.97,117.94,14.2,84,0,4.63
570,Kapaa,US,2020-12-20 14:19:13,22.08,-159.32,73.4,94,75,20.8
571,Provideniya,RU,2020-12-20 14:19:13,64.38,-173.3,-3.98,87,1,14.32
572,Vaini,TO,2020-12-20 14:19:14,-21.2,-175.2,78.8,94,40,8.05
573,Panormos,GR,2020-12-20 14:19:15,35.42,24.69,61.0,70,100,7.7
574,Rikitea,PF,2020-12-20 14:19:15,-23.12,-134.97,76.24,78,4,21.36
575,Laguna,US,2020-12-20 14:19:15,38.42,-121.42,35.6,84,90,2.91
576,Mayo,US,2020-12-20 14:19:16,38.89,-76.51,41.0,93,75,4.7
577,Atherton,GB,2020-12-20 14:14:40,53.52,-2.49,48.0,76,97,5.99
578,Port Alfred,ZA,2020-12-20 14:19:16,-33.59,26.89,75.0,89,59,4.0
579,Hermanus,ZA,2020-12-20 14:19:16,-34.42,19.23,81.0,56,0,11.01
580,Kirakira,SB,2020-12-20 14:19:16,-10.45,161.92,78.58,78,45,4.14
581,Rehoboth,NA,2020-12-20 14:19:16,-23.32,17.08,78.57,48,62,16.91
582,Grindavik,IS,2020-12-20 14:19:16,63.84,-22.43,32.0,87,40,28.86
583,Naifaru,MV,2020-12-20 14:15:12,5.44,73.37,82.51,77,100,21.52
584,Hithadhoo,MV,2020-12-20 14:19:17,-0.6,73.08,82.67,72,61,5.53
585,Bluff,NZ,2020-12-20 14:19:17,-46.6,168.33,46.99,91,70,3.0
586,Yaan,NG,2020-12-20 14:19:17,7.38,8.57,99.05,14,8,6.8
587,Villamontes,BO,2020-12-20 14:19:17,-21.25,-63.5,74.41,65,100,5.77
588,Minsk Mazowiecki,PL,2020-12-20 14:19:18,52.18,21.57,35.01,92,0,7.61
589,Vardo,NO,2020-12-20 14:19:18,70.37,31.11,26.6,92,90,20.8
590,Cape Town,ZA,2020-12-20 14:17:01,-33.93,18.42,82.4,51,0,16.11
591,Bambanglipuro,ID,2020-12-20 14:19:18,-7.95,110.28,77.88,79,90,5.17
592,Aklavik,CA,2020-12-20 14:19:18,68.22,-135.01,-40.0,65,53,5.44
593,Atuona,PF,2020-12-20 14:19:18,-9.8,-139.03,78.44,75,1,19.33
594,Albany,US,2020-12-20 14:19:18,42.6,-73.97,25.0,75,100,3.53
595,Sola,VU,2020-12-20 14:19:19,-13.88,167.55,80.44,82,24,13.53
596,Buin,CL,2020-12-20 14:19:07,-33.73,-70.75,77.0,37,0,3.36
597,Halapitan,PH,2020-12-20 14:19:19,7.92,125.33,71.64,88,82,1.72
598,Tygda,RU,2020-12-20 14:19:19,53.12,126.33,-9.04,91,100,1.92
599,Malakal,SS,2020-12-20 14:19:19,9.53,31.66,98.02,15,0,5.55
600,Samarai,PG,2020-12-20 14:19:19,-10.62,150.67,81.97,75,45,2.17
601,Avarua,CK,2020-12-20 14:18:28,-21.21,-159.78,69.8,94,100,2.24
602,Maumere,ID,2020-12-20 14:19:20,-8.62,122.21,81.59,80,100,7.87
603,Maharajganj,IN,2020-12-20 14:17:10,27.13,83.57,59.9,46,17,4.61
604,Hamilton,US,2020-12-20 14:18:46,39.18,-84.53,41.0,93,90,6.93
605,Hilo,US,2020-12-20 14:19:20,19.73,-155.09,71.6,88,75,3.36
606,Touros,BR,2020-12-20 14:19:20,-5.2,-35.46,87.8,55,75,17.22
607,Bilma,NE,2020-12-20 14:19:20,18.69,12.92,82.09,15,0,5.88
608,Kalawit,PH,2020-12-20 14:19:20,8.07,122.52,79.3,86,60,5.26
609,Russell,US,2020-12-20 14:19:21,32.35,-85.2,48.2,87,90,3.36
610,Homer,US,2020-12-20 14:19:21,59.64,-151.55,32.0,79,90,4.7
611,Chuy,UY,2020-12-20 14:19:21,-33.7,-53.46,70.07,48,0,16.91
612,Kualakapuas,ID,2020-12-20 14:19:21,-3.01,114.39,78.8,88,75,2.24
613,Port Elizabeth,ZA,2020-12-20 14:16:48,-33.92,25.57,73.4,78,40,16.11
614,Vestmannaeyjar,IS,2020-12-20 14:19:21,63.44,-20.27,33.8,64,20,25.28
615,Severo-Kurilsk,RU,2020-12-20 14:19:21,50.68,156.12,28.9,95,100,10.78
616,Okhotsk,RU,2020-12-20 14:19:22,59.38,143.3,-16.49,87,73,10.31
617,Busselton,AU,2020-12-20 14:19:22,-33.65,115.33,59.0,75,0,1.99
618,Arraial Do Cabo,BR,2020-12-20 14:19:22,-22.97,-42.03,89.6,74,0,4.7
619,Banapur,IN,2020-12-20 14:16:29,19.78,85.18,70.02,43,0,1.41
620,Bereda,ES,2020-12-20 14:19:22,43.27,-7.54,55.0,83,86,10.0
621,Asyut,EG,2020-12-20 14:19:22,27.18,31.18,74.97,23,0,9.46
622,Upernavik,GL,2020-12-20 14:19:23,72.79,-56.15,9.07,86,90,7.18
623,Faanui,PF,2020-12-20 14:19:23,-16.48,-151.75,80.01,71,99,6.98
624,Longyearbyen,SJ,2020-12-20 14:19:23,78.22,15.64,5.0,60,0,29.97
625,Bethel,US,2020-12-20 14:19:23,41.37,-73.41,27.0,79,90,3.4
626,West Wendover,US,2020-12-20 14:19:23,40.74,-114.07,26.6,73,90,3.91
627,Kultuk,RU,2020-12-20 14:19:23,51.72,103.7,20.34,86,39,7.49
628,Takhtamygda,RU,2020-12-20 14:19:24,54.1,123.57,-7.38,89,100,1.21
629,Coquimbo,CL,2020-12-20 14:19:24,-29.95,-71.34,60.8,77,20,11.41
630,Iqaluit,CA,2020-12-20 14:17:30,63.75,-68.51,6.8,71,75,4.7
631,Souillac,MU,2020-12-20 14:19:24,-20.52,57.52,80.6,78,40,6.93
632,Sobolevo,RU,2020-12-20 14:19:25,54.43,31.9,33.84,96,100,5.53
633,Domoni,KM,2020-12-20 14:19:25,-12.26,44.53,83.26,70,52,4.97
634,Marawi,PH,2020-12-20 14:19:25,8.0,124.29,75.0,92,99,5.99
635,Makokou,GA,2020-12-20 14:19:25,0.57,12.86,86.0,58,40,2.82
636,Adre,TD,2020-12-20 14:19:25,13.47,22.2,86.72,12,39,1.14
637,Lethem,GY,2020-12-20 14:19:25,3.38,-59.8,85.48,56,100,9.57
638,Orlik,RU,2020-12-20 14:19:26,52.52,99.83,3.69,79,94,3.58
639,Nagato,JP,2020-12-20 14:19:26,34.38,131.2,42.8,52,75,10.29
640,Fare,PF,2020-12-20 14:19:26,-16.7,-151.02,80.87,72,77,9.1
641,Ushtobe,KZ,2020-12-20 14:19:26,45.25,77.98,26.51,97,100,10.92
642,Chadan,RU,2020-12-20 14:19:26,51.28,91.58,-3.86,86,100,0.69
643,Tuatapere,NZ,2020-12-20 14:19:26,-46.13,167.68,46.99,91,100,3.0
644,Puerto Ayora,EC,2020-12-20 14:19:26,-0.74,-90.35,72.0,94,100,1.99
645,Esperance,AU,2020-12-20 14:19:27,-33.87,121.9,59.0,77,0,6.93
646,Pocos De Caldas,BR,2020-12-20 14:19:27,-21.79,-46.56,78.8,54,0,3.47
647,Otradnoye,RU,2020-12-20 14:19:27,59.78,30.82,36.0,93,90,13.42
648,Jamestown,US,2020-12-20 14:19:27,42.1,-79.24,35.01,96,90,8.05
649,La Palma,US,2020-12-20 14:19:27,33.85,-118.05,46.4,56,1,3.83
650,Lata,PT,2020-12-20 14:19:27,40.16,-8.33,63.0,67,40,6.93
651,Zhicheng,CN,2020-12-20 14:19:28,30.3,111.5,42.01,57,0,1.99
652,Hualmay,PE,2020-12-20 14:19:28,-11.1,-77.61,71.15,75,35,7.94
653,Jalu,LY,2020-12-20 14:19:28,29.03,21.55,69.51,40,0,11.3
654,Corner Brook,CA,2020-12-20 14:19:28,48.97,-57.95,30.2,85,90,4.7
655,Tadine,NC,2020-12-20 14:19:28,-21.55,167.88,74.75,83,2,9.28
656,Inhambane,MZ,2020-12-20 14:19:29,-23.86,35.38,86.0,66,40,9.17
657,Tasiilaq,GL,2020-12-20 14:19:29,65.61,-37.64,21.2,57,100,1.12
658,Ponta Delgada,PT,2020-12-20 14:19:29,37.73,-25.67,64.4,88,75,13.87
659,Agucadoura,PT,2020-12-20 14:19:29,41.43,-8.78,59.0,87,75,14.99
660,Codrington,AU,2020-12-20 14:19:29,-38.27,141.97,48.56,92,0,9.04
661,Palmer,US,2020-12-20 14:19:29,42.16,-72.33,27.0,85,40,4.09
662,Arona,ES,2020-12-20 14:19:29,28.1,-16.68,73.0,64,20,16.11
663,Leningradskiy,RU,2020-12-20 14:19:30,69.38,178.42,-0.08,90,100,12.71
664,San Quintin,MX,2020-12-20 14:19:30,30.48,-115.95,54.86,47,53,2.19
665,Careiro Da Varzea,BR,2020-12-20 14:19:30,-3.2,-59.81,80.6,83,75,3.36
666,Nigde,TR,2020-12-20 14:19:30,37.83,34.75,32.97,85,0,0.98
667,Mazatlan,MX,2020-12-20 14:16:14,23.22,-106.42,63.0,93,5,3.36
668,Elko,US,2020-12-20 14:19:30,41.0,-115.5,34.0,61,97,7.0
669,Aksha,RU,2020-12-20 14:19:31,50.28,113.29,10.72,86,100,4.23
670,Oistins,BB,2020-12-20 14:17:43,13.07,-59.53,82.4,74,40,20.8
671,Klaksvik,FO,2020-12-20 14:19:31,62.23,-6.59,44.6,100,62,4.7
672,Mayor Pablo Lagerenza,PY,2020-12-20 14:19:31,-19.93,-60.77,92.57,42,45,13.06
673,Lompoc,US,2020-12-20 14:19:31,34.64,-120.46,41.0,80,1,8.05
674,Barabinsk,RU,2020-12-20 14:19:31,55.36,78.36,-8.88,87,42,6.49
675,Georgetown,MY,2020-12-20 14:19:31,5.41,100.34,80.6,78,20,6.93
676,Salalah,OM,2020-12-20 14:19:32,17.02,54.09,80.6,57,20,10.29
677,Westport,US,2020-12-20 14:14:42,41.14,-73.36,30.99,74,90,4.16
678,Ribeira Grande,PT,2020-12-20 14:19:32,38.52,-28.7,66.2,77,40,17.22
679,Bara,NG,2020-12-20 14:19:32,10.37,10.73,93.2,17,0,11.41
680,Port Blair,IN,2020-12-20 14:19:32,11.67,92.75,80.94,78,30,14.03
681,Norman Wells,CA,2020-12-20 14:19:32,65.28,-126.83,-29.2,73,75,3.36
682,Dikson,RU,2020-12-20 14:19:33,73.51,80.55,-28.03,82,8,9.01
683,Havre-Saint-Pierre,CA,2020-12-20 14:19:33,50.23,-63.6,24.8,79,90,2.24
684,Road Town,VG,2020-12-20 14:19:28,18.42,-64.62,82.0,78,75,10.29
685,Carnarvon,AU,2020-12-20 14:19:33,-24.87,113.63,77.0,73,0,25.28
686,Cascais,PT,2020-12-20 14:19:33,38.7,-9.42,63.0,77,20,6.93
687,Lebu,CL,2020-12-20 14:19:33,-37.62,-73.65,57.13,74,2,15.12
688,Neryungri,RU,2020-12-20 14:19:33,56.67,124.65,4.28,92,100,3.74
689,Quatre Cocos,MU,2020-12-20 14:19:34,-20.21,57.76,81.0,78,40,6.93
690,Nemuro,JP,2020-12-20 14:19:34,43.32,145.57,25.16,87,17,12.86
691,Olinda,BR,2020-12-20 14:19:34,-8.01,-34.86,82.4,61,75,10.29
692,Sur,OM,2020-12-20 14:19:34,22.57,59.53,71.71,64,4,11.14
693,Chokurdakh,RU,2020-12-20 14:19:34,70.63,147.92,-16.89,89,63,9.53
694,Desaguadero,PE,2020-12-20 14:19:34,-16.57,-69.04,54.91,52,98,8.95
695,Nouadhibou,MR,2020-12-20 14:19:35,20.93,-17.03,78.8,29,0,16.11
696,Saint George,US,2020-12-20 14:15:09,37.1,-113.58,26.6,53,1,2.48
697,Sylvan Lake,CA,2020-12-20 14:19:35,52.32,-114.09,35.6,58,1,8.05
698,Am Timan,TD,2020-12-20 14:19:35,11.03,20.28,95.9,10,0,2.73
699,Los Llanos De Aridane,ES,2020-12-20 14:19:35,28.66,-17.92,71.6,68,75,4.7
700,Lorengau,PG,2020-12-20 14:19:35,-2.02,147.27,82.51,73,99,4.16
701,Fairbanks,US,2020-12-20 14:19:35,64.84,-147.72,-4.0,76,90,2.57
702,Victoria,HK,2020-12-20 14:17:37,22.29,114.16,61.0,57,75,14.27
703,Kruisfontein,ZA,2020-12-20 14:19:36,-34.0,24.73,75.0,77,31,4.0
704,Bambous Virieux,MU,2020-12-20 14:19:36,-20.34,57.76,81.0,78,40,6.93
705,Waipawa,NZ,2020-12-20 14:19:36,-41.41,175.52,57.2,100,70,17.22
706,Dudinka,RU,2020-12-20 14:19:36,69.41,86.18,-34.6,73,0,4.47
707,Hovd,MN,2020-12-20 14:19:36,48.01,91.64,3.02,81,99,1.39
708,La Ricamarie,FR,2020-12-20 14:19:37,45.42,4.31,51.8,81,20,1.21
709,Mar Del Plata,AR,2020-12-20 14:19:24,-38.0,-57.56,61.0,72,75,20.8
710,Carsamba,TR,2020-12-20 14:16:41,41.2,36.72,53.6,62,20,6.93
711,Narsaq,GL,2020-12-20 14:19:37,60.92,-46.05,19.4,62,75,2.24
712,Agadez,NE,2020-12-20 14:19:37,19.75,10.25,81.82,15,0,7.34
713,Mahebourg,MU,2020-12-20 14:19:37,-20.41,57.7,80.6,78,40,6.93
714,Santa Lucia,ES,2020-12-20 14:19:37,27.91,-15.54,72.0,64,75,10.29
715,Nyaunglebin,MM,2020-12-20 14:19:38,17.95,96.73,73.24,78,0,4.23
716,High Level,CA,2020-12-20 14:19:38,58.52,-117.14,-9.4,76,90,10.29
717,Torbay,CA,2020-12-20 14:19:38,47.67,-52.73,28.0,79,90,9.17
718,Ghorawal,IN,2020-12-20 14:19:38,24.77,82.78,57.42,35,99,4.38
719,Griffith,US,2020-12-20 14:14:53,41.53,-87.42,33.8,94,90,9.17
720,Isangel,VU,2020-12-20 14:19:38,-19.55,169.27,75.45,84,5,7.99
721,Cherskiy,RU,2020-12-20 14:19:39,68.75,161.3,-28.62,85,0,2.44
722,Sabang,ID,2020-12-20 14:19:40,5.89,95.32,81.54,80,100,21.43
723,Praia,CV,2020-12-20 14:19:40,14.92,-23.51,78.8,57,40,20.8
724,Andenes,NO,2020-12-20 14:19:40,69.31,16.12,41.0,93,90,14.99
725,Barrow,US,2020-12-20 14:19:40,71.29,-156.79,-16.6,68,1,14.99
726,Kodiak,US,2020-12-20 14:19:41,57.79,-152.41,17.6,92,1,8.05
727,Khandyga,RU,2020-12-20 14:19:41,62.67,135.6,-45.15,73,0,1.07
728,Geraldton,AU,2020-12-20 14:19:41,-28.77,114.6,71.6,73,0,21.92
729,Plouzane,FR,2020-12-20 14:19:41,48.38,-4.62,51.8,71,0,13.87
730,Bonavista,CA,2020-12-20 14:19:41,48.65,-53.11,23.0,92,54,1.12
731,Dingle,PH,2020-12-20 14:19:41,11.0,122.67,77.11,91,100,5.82
732,Khatanga,RU,2020-12-20 14:19:41,71.97,102.5,-32.19,85,82,3.06
733,North Myrtle Beach,US,2020-12-20 14:19:41,33.82,-78.68,53.6,100,90,10.6
734,Kaduy,RU,2020-12-20 14:19:42,59.2,37.15,32.0,98,90,6.71
735,Atar,MR,2020-12-20 14:19:42,20.52,-13.05,80.22,16,0,18.54
736,Port Moresby,PG,2020-12-20 14:19:42,-9.44,147.18,78.8,88,20,3.36
737,Techiman,GH,2020-12-20 14:19:42,7.59,-1.94,96.37,29,0,1.54
738,Port Hardy,CA,2020-12-20 14:19:42,50.7,-127.42,44.6,93,90,5.82
739,Anadyr,RU,2020-12-20 14:19:44,64.75,177.48,-7.6,69,20,6.71
740,Sanguem,IN,2020-12-20 14:19:44,15.23,74.17,84.2,48,0,5.82
741,Ko Samui,TH,2020-12-20 14:19:44,9.54,99.94,80.6,74,20,9.17
742,Tuktoyaktuk,CA,2020-12-20 14:19:44,69.45,-133.04,-41.8,72,5,3.36
743,Hobart,AU,2020-12-20 14:19:23,-42.88,147.33,53.01,76,40,5.82
744,Ust-Kan,RU,2020-12-20 14:19:45,50.93,84.76,12.47,89,46,9.42
745,Kaitangata,NZ,2020-12-20 14:19:45,-46.28,169.85,54.0,87,99,13.0
746,Nome,US,2020-12-20 14:19:45,64.5,-165.41,-18.4,75,1,3.15
747,Lagoa,PT,2020-12-20 14:19:45,39.05,-27.98,63.72,82,100,33.64
748,Namie,JP,2020-12-20 14:19:45,37.48,141.0,28.0,65,27,2.48
749,Imeni Poliny Osipenko,RU,2020-12-20 14:19:45,52.42,136.49,-13.63,88,48,6.85
750,Nikolskoye,RU,2020-12-20 14:19:45,59.7,30.79,36.0,93,90,13.42
751,Endicott,US,2020-12-20 14:19:46,42.1,-76.05,28.99,85,90,8.05
752,Sayyan,YE,2020-12-20 14:19:46,15.17,44.32,58.3,56,100,11.27
753,Mikhaylovka,RU,2020-12-20 14:19:46,50.06,43.24,19.0,88,95,8.01
754,Lukuledi,TZ,2020-12-20 14:19:46,-10.57,38.8,90.16,44,47,9.17
755,Sakakah,SA,2020-12-20 14:19:46,29.97,40.21,68.0,32,0,10.29
756,Riachao Das Neves,BR,2020-12-20 14:19:47,-11.75,-44.91,92.34,42,51,3.6
757,Kelso,US,2020-12-20 14:19:47,46.15,-122.91,51.8,93,90,8.05
758,Seymchan,RU,2020-12-20 14:19:47,62.88,152.43,-27.15,83,94,3.06
759,Almeirim,BR,2020-12-20 14:19:47,-1.52,-52.58,88.41,55,7,5.55
760,Airai,TL,2020-12-20 14:19:47,-8.93,125.41,62.47,100,100,2.68
761,Salinas,US,2020-12-20 14:16:21,36.68,-121.66,46.0,56,1,4.7
762,Port Keats,AU,2020-12-20 14:19:47,-14.25,129.55,81.28,84,100,8.01
763,Bamora,IN,2020-12-20 14:19:48,24.06,78.09,60.62,32,100,4.03
764,Tucuman,AR,2020-12-20 14:16:05,-26.82,-65.22,73.4,49,0,4.7
765,Necochea,AR,2020-12-20 14:19:48,-38.55,-58.74,62.01,61,100,5.99
766,Vrangel,RU,2020-12-20 14:19:48,42.73,133.08,17.53,80,0,10.2
767,Ingraj Bazar,IN,2020-12-20 14:19:48,25.0,88.15,63.7,45,87,7.56
768,Verkhnyaya Inta,RU,2020-12-20 14:19:48,65.98,60.31,-4.25,91,92,8.97
769,Galveston,US,2020-12-20 14:15:15,29.37,-94.97,57.0,93,90,10.29
770,Constitucion,CL,2020-12-20 14:15:34,-35.33,-72.42,64.54,52,0,11.43
771,Ngunguru,NZ,2020-12-20 14:19:49,-35.62,174.5,60.01,93,3,3.15
772,Butaritari,KI,2020-12-20 14:19:49,3.07,172.79,80.98,82,89,15.55
773,Paita,PE,2020-12-20 14:19:49,-5.09,-81.11,71.6,73,40,19.46
774,Nara,JP,2020-12-20 14:15:01,34.69,135.8,41.0,69,73,2.01
775,Sidrolandia,BR,2020-12-20 14:19:49,-20.93,-54.96,86.0,55,0,13.87
776,Byron Bay,AU,2020-12-20 14:19:50,-28.65,153.62,73.4,94,99,3.36
777,Slyudyanka,RU,2020-12-20 14:19:50,51.66,103.71,21.22,84,41,7.4
778,Snina,SK,2020-12-20 14:19:50,48.99,22.15,35.01,84,99,3.33
779,Northam,GB,2020-12-20 14:19:50,51.03,-4.22,51.01,85,62,5.01
780,College,US,2020-12-20 14:17:44,64.86,-147.8,-4.0,76,90,2.75
781,Santiago Del Estero,AR,2020-12-20 14:19:50,-27.8,-64.26,81.0,35,43,1.99
782,Gat,IL,2020-12-20 14:16:01,31.61,34.76,66.0,100,0,7.38
783,Chalons-En-Champagne,FR,2020-12-20 14:16:07,48.95,4.37,52.0,81,75,12.75
784,Cayenne,GF,2020-12-20 14:15:58,4.93,-52.33,82.4,83,75,2.24
785,Campohermoso,ES,2020-12-20 14:19:51,36.94,-2.13,62.6,77,20,8.05
786,Bashmakovo,RU,2020-12-20 14:19:51,53.21,43.03,8.04,96,57,6.53
787,Nordfjordeid,NO,2020-12-20 14:19:51,61.91,5.99,46.0,75,96,15.01
788,Bidor,MY,2020-12-20 14:19:52,4.11,101.29,80.01,94,20,2.86
789,Manokwari,ID,2020-12-20 14:19:52,-0.87,134.08,80.96,76,100,8.68
790,Sorgun,TR,2020-12-20 14:19:52,39.81,35.19,34.39,84,0,2.57
791,Shingu,JP,2020-12-20 14:19:52,33.73,135.98,36.39,87,18,5.61
792,Iberia,US,2020-12-20 14:19:52,29.95,-91.75,55.4,100,90,9.17
793,Bengkulu,ID,2020-12-20 14:19:52,-3.8,102.27,76.98,84,97,3.83
794,Sechura,PE,2020-12-20 14:19:53,-5.56,-80.82,72.95,69,3,8.81
795,Conceicao Do Araguaia,BR,2020-12-20 14:19:53,-8.26,-49.26,90.55,56,42,3.4
796,Thompson,CA,2020-12-20 14:19:53,55.74,-97.86,-14.8,75,75,6.93
797,Yaroslavskiy,RU,2020-12-20 14:19:53,44.17,132.21,4.05,89,0,6.51
798,Devonport,AU,2020-12-20 14:19:53,-41.17,146.35,50.0,92,2,8.41
799,Broome,US,2020-12-20 14:19:53,42.25,-75.83,28.99,85,90,8.05
800,Nerang,AU,2020-12-20 14:16:30,-27.98,153.33,73.0,97,100,4.05
801,Nkowakowa,ZA,2020-12-20 14:18:53,-23.89,30.29,80.6,36,0,9.17
802,Alta Gracia,AR,2020-12-20 14:19:54,-31.65,-64.43,78.01,52,40,4.7
803,Pimenteiras,BR,2020-12-20 14:19:54,-6.25,-41.42,92.64,38,30,6.4
804,Omboue,GA,2020-12-20 14:19:54,-1.57,9.26,83.71,71,95,11.48
805,Qaanaaq,GL,2020-12-20 14:19:54,77.48,-69.36,-2.15,76,45,5.82
806,Usinsk,RU,2020-12-20 14:19:54,65.99,57.53,-3.12,90,0,11.34
807,Pisco,PE,2020-12-20 14:16:39,-13.7,-76.22,71.6,73,0,2.24
808,Te Anau,NZ,2020-12-20 14:19:55,-45.42,167.72,45.63,90,100,1.9
809,Safaga,EG,2020-12-20 14:19:55,26.73,33.94,73.56,50,0,12.24
810,Conde,BR,2020-12-20 14:19:55,-7.26,-34.91,86.0,62,75,14.99
811,Amapa,BR,2020-12-20 14:19:55,1.0,-52.0,88.03,53,70,4.27
812,Ivaipora,BR,2020-12-20 14:19:55,-24.25,-51.68,81.86,77,15,7.16
813,Cabo San Lucas,MX,2020-12-20 14:17:32,22.89,-109.91,55.4,93,5,9.17
814,Balad,IQ,2020-12-20 14:19:56,34.02,44.15,59.34,43,15,5.21
815,Kirovskiy,RU,2020-12-20 14:19:56,45.09,133.51,0.79,90,7,4.59
816,Srivardhan,IN,2020-12-20 14:19:56,18.03,73.02,76.64,65,12,8.63
817,Beroroha,MG,2020-12-20 14:19:56,-21.67,45.17,96.55,27,92,6.6
818,Barrhead,GB,2020-12-20 14:19:56,55.8,-4.39,46.0,81,75,18.34
819,Karasburg,NA,2020-12-20 14:19:57,-28.02,18.75,79.95,43,100,26.26
820,Haines Junction,CA,2020-12-20 14:19:57,60.75,-137.51,20.55,92,87,6.64
821,Guymon,US,2020-12-20 14:15:38,36.68,-101.48,32.0,92,1,11.41
822,Beringovskiy,RU,2020-12-20 14:19:58,63.05,179.32,-2.15,93,98,14.92
823,Hay River,CA,2020-12-20 14:19:58,60.82,-115.8,-14.8,68,100,5.82
824,Matara,LK,2020-12-20 14:19:58,5.95,80.54,77.09,88,100,10.63
825,Porto Novo,BJ,2020-12-20 14:19:58,6.5,2.6,87.8,70,40,12.75
826,Sorland,NO,2020-12-20 14:19:58,67.67,12.69,44.6,93,75,13.87
827,San Patricio,US,2020-12-20 14:19:59,28.02,-97.52,48.2,100,40,4.7
828,Novikovo,RU,2020-12-20 14:19:59,51.15,37.89,19.36,97,1,4.99
829,Ailigandi,PA,2020-12-20 14:19:59,9.23,-78.02,81.09,80,1,13.15
830,Nadym,RU,2020-12-20 14:19:59,65.53,72.52,3.63,94,100,7.49
831,Ahipara,NZ,2020-12-20 14:20:00,-35.17,173.17,58.96,87,10,3.04
832,Lavrentiya,RU,2020-12-20 14:20:00,65.58,-171.0,-7.82,88,27,10.51
833,Asheville,US,2020-12-20 14:18:56,35.6,-82.55,39.0,86,75,1.61
834,Wanaka,NZ,2020-12-20 14:20:00,-44.7,169.15,57.0,74,100,5.01
835,Kupang,ID,2020-12-20 14:20:00,-10.17,123.58,81.21,81,100,11.83
836,Yarkovo,RU,2020-12-20 14:20:00,57.4,67.08,12.04,86,46,14.45
837,Bubaque,GW,2020-12-20 14:20:01,11.28,-15.83,81.64,47,1,1.07
838,Visnes,NO,2020-12-20 14:20:01,59.36,5.22,48.99,81,75,23.04
839,Missoula,US,2020-12-20 14:20:01,47.02,-113.8,42.01,80,90,8.05
840,Castro,BR,2020-12-20 14:20:01,-24.79,-50.01,80.26,62,2,8.55
841,Saldanha,ZA,2020-12-20 14:20:04,-33.01,17.94,87.8,31,2,16.11
842,Armacao De Pera,PT,2020-12-20 14:20:05,37.1,-8.36,63.0,72,20,5.82
843,Pangody,RU,2020-12-20 14:20:05,65.85,74.49,-1.32,93,100,10.45
844,Bilibino,RU,2020-12-20 14:20:05,68.05,166.44,-19.66,84,15,5.32
845,Berlevag,NO,2020-12-20 14:20:05,70.86,29.09,30.87,97,100,32.37
846,Tiksi,RU,2020-12-20 14:20:05,71.69,128.87,-24.72,87,100,5.5
847,Saint-Georges,GD,2020-12-20 14:15:57,12.06,-61.75,82.4,78,40,10.29
848,Evensk,RU,2020-12-20 14:20:06,61.95,159.23,2.89,90,100,17.29
849,Kanel,SN,2020-12-20 14:20:06,15.49,-13.18,90.73,11,8,12.12
850,Muroto,JP,2020-12-20 14:20:06,33.28,134.15,47.82,58,0,14.16
851,Nichinan,JP,2020-12-20 14:20:06,31.6,131.37,37.0,69,0,5.99
852,Kavaratti,IN,2020-12-20 14:20:06,10.57,72.64,82.35,67,42,6.87
853,Tashtyp,RU,2020-12-20 14:20:06,52.79,89.9,19.04,90,24,4.54
854,Nanortalik,GL,2020-12-20 14:20:07,60.14,-45.24,24.08,86,100,4.29
855,Ouadda,CF,2020-12-20 14:20:07,8.08,22.4,95.76,11,20,3.22
856,Yeppoon,AU,2020-12-20 14:20:07,-23.13,150.73,78.8,74,40,6.93
857,Gympie,AU,2020-12-20 14:20:07,-26.19,152.66,70.75,90,67,0.85
858,Roald,NO,2020-12-20 14:20:07,62.58,6.13,50.0,57,75,12.75
859,Pangnirtung,CA,2020-12-20 14:20:08,66.15,-65.71,11.48,79,100,15.77
860,Cidreira,BR,2020-12-20 14:20:08,-30.18,-50.21,76.33,57,99,12.66
861,Sept-Iles,CA,2020-12-20 14:17:35,50.2,-66.38,23.0,79,60,1.43
862,Adrar,MR,2020-12-20 14:20:08,20.5,-10.07,74.19,20,0,16.31
863,Avera,US,2020-12-20 14:20:08,33.19,-82.53,44.6,95,90,6.93
864,Grand-Lahou,CI,2020-12-20 14:20:09,5.14,-5.02,83.79,72,74,6.42
865,Gamba,GA,2020-12-20 14:20:09,-2.65,10.0,76.96,90,99,9.75
866,Henties Bay,NA,2020-12-20 14:20:09,-22.12,14.28,64.0,87,44,3.0
867,Moron,AR,2020-12-20 14:20:09,-34.65,-58.62,70.0,47,0,8.01
868,Sarab,IR,2020-12-20 14:20:09,38.61,44.99,38.03,72,0,2.42
869,East Wenatchee Bench,US,2020-12-20 14:20:09,47.43,-120.28,42.01,93,1,4.7
870,Alofi,NU,2020-12-20 14:20:10,-19.06,-169.92,75.2,94,95,4.7
871,Mound,US,2020-12-20 14:20:10,44.94,-93.67,21.99,85,1,6.93
872,Norden,DE,2020-12-20 14:20:10,53.6,7.2,48.99,79,100,11.01
873,Skibbereen,IE,2020-12-20 14:20:10,51.55,-9.27,44.6,81,20,11.41
874,Port Lincoln,AU,2020-12-20 14:20:10,-34.73,135.87,63.25,74,97,11.25
875,Grootfontein,NA,2020-12-20 14:20:10,-19.57,18.12,84.25,40,100,3.69
876,Manati,PR,2020-12-20 14:20:11,18.43,-66.49,82.99,88,0,1.01
877,Urrutia,HN,2020-12-20 14:20:11,14.74,-87.04,66.2,93,40,1.28
878,Olafsvik,IS,2020-12-20 14:20:11,64.89,-23.71,29.25,90,100,25.72
879,Lidzbark Warminski,PL,2020-12-20 14:20:11,54.13,20.58,33.93,91,44,8.99
880,Dongsheng,CN,2020-12-20 14:20:11,39.82,109.98,13.46,91,0,6.6
881,Chicama,PE,2020-12-20 14:20:12,-7.84,-79.15,62.6,93,75,8.05
882,Huaiyuan,CN,2020-12-20 14:20:12,32.97,117.2,36.72,69,0,4.12
883,Karabulak,RU,2020-12-20 14:20:12,43.3,44.9,30.2,92,40,6.71
884,Ulaanbaatar,MN,2020-12-20 14:20:12,47.91,106.88,-14.8,68,0,4.47
885,Boyuibe,BO,2020-12-20 14:20:12,-20.42,-63.28,77.0,65,90,4.7
886,Folldal,NO,2020-12-20 14:20:13,62.13,10.0,31.53,94,48,11.97
887,Thinadhoo,MV,2020-12-20 14:20:13,0.53,72.93,82.51,72,50,3.44
888,Fortuna,US,2020-12-20 14:20:13,40.6,-124.16,53.01,100,90,8.05
889,La Sarre,CA,2020-12-20 14:20:13,48.8,-79.2,26.85,98,88,11.43
890,Namtsy,RU,2020-12-20 14:20:13,62.72,129.67,-50.8,56,61,2.24
891,Vestmanna,FO,2020-12-20 14:20:13,62.16,-7.17,44.6,100,68,4.7
892,Pietrosani,RO,2020-12-20 14:20:14,45.18,24.85,34.81,87,100,1.21
893,Krasnoselkup,RU,2020-12-20 14:20:14,65.7,82.47,-6.07,92,100,5.01
894,Raga,SS,2020-12-20 14:20:14,8.46,25.68,94.93,12,13,3.96
895,Lazaro Cardenas,MX,2020-12-20 14:18:58,17.96,-102.2,73.4,58,1,5.44
896,Svetlogorsk,BY,2020-12-20 14:20:14,52.63,29.73,31.3,98,10,2.39
897,Mehamn,NO,2020-12-20 14:20:16,71.04,27.85,30.02,97,100,31.61
898,Tashtagol,RU,2020-12-20 14:20:16,52.77,87.89,17.35,94,100,0.76
899,Ilulissat,GL,2020-12-20 14:20:16,69.22,-51.1,12.2,47,20,17.22
900,Sambava,MG,2020-12-20 14:20:16,-14.27,50.17,80.92,80,41,8.52
901,Bay City,US,2020-12-20 14:20:16,43.59,-83.89,36.0,100,90,6.93
902,Horqueta,PY,2020-12-20 14:20:17,-23.34,-57.06,95.07,40,62,7.92
903,Teya,RU,2020-12-20 14:20:17,60.38,92.63,-15.61,85,22,3.69
904,Barra Dos Coqueiros,BR,2020-12-20 14:16:08,-10.91,-37.04,84.2,70,20,17.22
905,Pundaguitan,PH,2020-12-20 14:20:17,6.37,126.17,82.33,79,100,13.49
906,Phimai,TH,2020-12-20 14:20:17,15.22,102.49,70.0,99,0,14.2
907,Najran,SA,2020-12-20 14:16:23,17.49,44.13,73.4,43,20,5.82
908,Ipixuna,BR,2020-12-20 14:20:18,-1.76,-48.8,87.8,62,40,9.17
909,Santo Antonio Do Taua,BR,2020-12-20 14:20:18,-1.15,-48.13,87.8,62,40,9.17
910,Ancud,CL,2020-12-20 14:20:18,-41.87,-73.82,59.0,71,75,2.24
911,Porto Santo,PT,2020-12-20 14:20:18,33.07,-16.34,66.2,68,40,6.93
912,Belaya Gora,RU,2020-12-20 14:20:19,68.53,146.42,-28.53,85,79,4.79
913,San Carlos,VE,2020-12-20 14:20:19,9.66,-68.58,84.25,58,52,0.29
914,Uvalde,US,2020-12-20 14:19:30,29.37,-99.77,35.6,57,1,3.18
915,Saint-Philippe,RE,2020-12-20 14:20:19,-21.36,55.77,81.0,78,44,18.34
916,Hambantota,LK,2020-12-20 14:20:19,6.12,81.12,77.0,100,75,5.82
917,Qaqortoq,GL,2020-12-20 14:17:57,60.72,-46.03,19.4,62,75,2.24
918,Poum,NC,2020-12-20 14:20:20,-20.23,164.02,78.31,71,46,5.14
919,Cerrito,CO,2020-12-20 14:20:20,6.84,-72.69,69.8,94,40,3.36
920,Jeremie,HT,2020-12-20 14:20:20,18.65,-74.12,80.29,71,20,3.0
921,Kurilsk,RU,2020-12-20 14:20:20,45.23,147.88,22.66,93,100,17.92
922,Acapulco,MX,2020-12-20 14:18:42,16.86,-99.89,73.4,94,40,5.82
923,Farsund,NO,2020-12-20 14:20:21,58.09,6.8,48.0,90,100,13.13
924,Trairi,BR,2020-12-20 14:20:21,-3.28,-39.27,88.88,50,43,15.37
925,Viedma,AR,2020-12-20 14:20:21,-40.81,-63.0,71.01,36,0,5.01
926,Tucumcari,US,2020-12-20 14:20:21,35.17,-103.72,26.6,68,1,9.17
927,Bakreswar,IN,2020-12-20 14:20:22,23.88,87.37,64.4,59,92,5.82
928,Taltal,CL,2020-12-20 14:20:22,-25.4,-70.48,66.22,63,8,5.01
929,Xuddur,SO,2020-12-20 14:20:22,4.12,43.89,88.72,37,55,15.95
930,Yumen,CN,2020-12-20 14:20:22,40.28,97.2,17.65,68,0,6.4
931,Venice,US,2020-12-20 14:20:22,27.1,-82.45,69.01,82,1,5.82
932,Bathsheba,BB,2020-12-20 14:20:23,13.22,-59.52,82.4,74,40,20.8
933,Clyde River,CA,2020-12-20 14:20:23,70.47,-68.59,-2.2,84,90,12.75
934,Itarema,BR,2020-12-20 14:20:23,-2.92,-39.92,88.11,53,15,17.83
935,Birao,CF,2020-12-20 14:20:23,10.28,22.79,94.73,11,0,3.71
936,Montevideo,UY,2020-12-20 14:17:19,-34.83,-56.17,64.99,63,75,18.34
937,Rio Grande,BR,2020-12-20 14:20:24,-32.03,-52.1,75.99,53,0,14.99
938,Sulit,PH,2020-12-20 14:20:24,6.24,125.02,75.15,85,100,2.1
939,Plettenberg Bay,ZA,2020-12-20 14:20:24,-34.05,23.37,73.24,70,2,17.38
940,Oromocto,CA,2020-12-20 14:20:24,45.84,-66.48,19.4,92,90,2.35
941,Swift Current,CA,2020-12-20 14:20:24,50.28,-107.8,35.6,74,90,19.46
942,Vila Franca Do Campo,PT,2020-12-20 14:20:24,37.72,-25.43,64.4,88,75,13.87
943,Peabiru,BR,2020-12-20 14:20:25,-23.91,-52.34,85.05,68,48,10.38
944,Hue,VN,2020-12-20 14:20:25,16.47,107.6,59.0,93,75,12.75
945,Polis,CY,2020-12-20 14:20:25,35.04,32.43,66.2,59,20,3.36
946,Baykit,RU,2020-12-20 14:20:25,61.67,96.37,-21.82,82,16,1.63
947,San Angelo,US,2020-12-20 14:15:42,31.46,-100.44,37.99,55,1,5.82
948,Nuuk,GL,2020-12-20 14:20:26,64.18,-51.72,24.8,53,75,11.41
949,Saskylakh,RU,2020-12-20 14:20:26,71.92,114.08,-40.7,80,62,2.8
950,Lucapa,AO,2020-12-20 14:20:26,-8.42,20.74,65.77,94,100,5.82
951,Fort Nelson,CA,2020-12-20 14:20:26,58.81,-122.7,-7.6,69,40,0.36
952,Kropotkin,RU,2020-12-20 14:20:26,45.44,40.58,34.86,83,100,3.24
953,Ayagoz,KZ,2020-12-20 14:20:27,47.97,80.44,19.44,97,100,15.08
954,Mineiros,BR,2020-12-20 14:20:27,-17.57,-52.55,87.58,42,83,6.64
955,Cockburn Town,TC,2020-12-20 14:20:28,21.46,-71.14,77.97,79,1,20.89
956,Oktyabrskoye,RU,2020-12-20 14:20:28,43.06,44.74,30.2,92,40,6.71
957,Rovaniemi,FI,2020-12-20 14:20:28,66.5,25.72,35.6,93,90,19.46
958,Harper,LR,2020-12-20 14:20:28,4.38,-7.72,82.56,77,74,8.28
959,Chapeco,BR,2020-12-20 14:19:35,-27.1,-52.62,68.0,100,90,4.7
960,Yining,CN,2020-12-20 14:20:29,29.04,114.56,37.02,77,0,2.04
961,Labuan,MY,2020-12-20 14:20:29,5.28,115.24,80.6,83,40,5.82
962,Seybaplaya,MX,2020-12-20 14:20:29,19.65,-90.67,68.0,100,90,7.09
963,Alvor,PT,2020-12-20 14:20:29,37.13,-8.59,63.0,72,20,5.82
964,San Ramon,US,2020-12-20 14:17:59,37.78,-121.98,45.0,80,1,3.91
965,Igarka,RU,2020-12-20 14:20:30,67.47,86.58,-30.05,83,100,8.19
966,Iralaya,HN,2020-12-20 14:20:30,15.0,-83.23,79.81,81,14,7.16
967,Urucui,BR,2020-12-20 14:20:30,-7.23,-44.56,84.2,68,99,6.15
968,Talnakh,RU,2020-12-20 14:20:30,69.49,88.4,-34.6,73,0,4.47
969,Tilichiki,RU,2020-12-20 14:20:30,60.47,166.1,-2.58,95,100,14.25
970,Khasan,RU,2020-12-20 14:20:31,42.43,130.64,22.33,81,0,11.61
971,Gornyy,RU,2020-12-20 14:20:31,55.12,83.91,6.55,96,100,6.73
972,Coronado,US,2020-12-20 14:16:16,32.69,-117.18,46.4,61,1,4.7
973,Bahia Honda,CU,2020-12-20 14:20:31,22.9,-83.16,72.36,87,45,6.64
974,Tevriz,RU,2020-12-20 14:20:31,57.51,72.4,4.32,91,20,8.14
975,Sao Filipe,CV,2020-12-20 14:20:31,14.9,-24.5,75.16,66,86,13.27
976,Jiwani,PK,2020-12-20 14:20:32,25.05,61.74,71.55,57,88,6.46
977,Suntar,RU,2020-12-20 14:20:32,62.14,117.63,-7.31,91,99,2.64
978,Kita,ML,2020-12-20 14:20:32,13.03,-9.49,96.44,11,0,6.85
979,Alyangula,AU,2020-12-20 14:20:32,-13.85,136.42,80.6,88,100,3.36
980,Sinnamary,GF,2020-12-20 14:20:32,5.38,-52.95,82.36,77,62,7.16
981,Mahina,PF,2020-12-20 14:20:32,-17.51,-149.49,77.0,78,75,6.93
982,Gigmoto,PH,2020-12-20 14:20:33,13.78,124.39,80.06,84,96,13.78
983,Guasdualito,VE,2020-12-20 14:20:33,7.24,-70.73,80.33,71,30,5.01
984,Rio Casca,BR,2020-12-20 14:20:33,-20.23,-42.65,81.75,74,98,4.45
985,Sitka,US,2020-12-20 14:20:33,57.05,-135.33,41.0,76,75,3.36
986,Alihe,CN,2020-12-20 14:20:33,50.57,123.72,4.08,89,100,4.88
987,Okakarara,NA,2020-12-20 14:20:33,-20.58,17.43,81.14,45,100,10.89
988,Yulara,AU,2020-12-20 14:20:34,-25.24,130.99,73.4,83,100,10.29
989,Guerrero Negro,MX,2020-12-20 14:20:34,27.98,-114.06,50.5,54,100,1.23
990,Padang,ID,2020-12-20 14:20:34,-0.95,100.35,78.91,73,67,3.76
991,Pringsewu,ID,2020-12-20 14:19:22,-5.36,104.97,73.74,91,87,1.97
992,Oskemen,KZ,2020-12-20 14:20:34,49.96,82.61,26.6,86,90,15.66
993,Itoman,JP,2020-12-20 14:20:35,26.12,127.67,62.6,63,75,11.41
994,Machinga,MW,2020-12-20 14:20:35,-15.17,35.3,83.34,57,100,4.92
995,Honiara,SB,2020-12-20 14:20:35,-9.43,159.95,77.0,94,20,2.24
996,Kreminna,UA,2020-12-20 14:20:35,49.05,38.22,29.39,97,92,8.34
997,Vuktyl,RU,2020-12-20 14:20:36,63.86,57.31,14.49,96,99,10.27
998,Kabompo,ZM,2020-12-20 14:20:36,-13.59,24.2,77.65,66,63,4.47
999,Sokoto,NG,2020-12-20 14:20:36,13.06,5.24,93.24,11,4,9.91
1000,Puerto Del Rosario,ES,2020-12-20 14:20:37,28.5,-13.86,69.8,68,40,9.17
1001,Canutama,BR,2020-12-20 14:20:37,-6.53,-64.38,87.84,61,60,2.84
1002,Indianola,US,2020-12-20 14:19:52,41.36,-93.56,24.01,85,40,6.93
1003,La Ronge,CA,2020-12-20 14:20:38,55.1,-105.28,-4.0,83,100,8.05
1004,Makakilo City,US,2020-12-20 14:20:38,21.35,-158.09,75.2,78,20,4.7
1005,Yenagoa,NG,2020-12-20 14:20:38,4.92,6.26,88.11,62,56,3.24
1006,Saint-Augustin,CA,2020-12-20 14:20:38,51.23,-58.65,20.52,94,11,5.55
1007,Constantine,DZ,2020-12-20 14:20:23,36.37,6.61,51.8,87,75,5.82
1008,Rio Gallegos,AR,2020-12-20 14:20:39,-51.62,-69.22,68.0,40,0,26.4
1009,Springfield,US,2020-12-20 14:20:39,37.22,-93.3,32.0,92,1,6.93
1010,The Valley,AI,2020-12-20 14:20:11,18.22,-63.06,82.4,74,20,13.87
1011,Flinders,AU,2020-12-20 14:20:40,-34.58,150.86,69.01,89,100,1.01
1012,Kidal,ML,2020-12-20 14:20:41,18.44,1.41,89.29,12,49,9.1
1013,Kroya,ID,2020-12-20 14:20:41,-7.63,109.25,78.78,78,58,3.22
1014,Lasa,IT,2020-12-20 14:20:41,46.62,10.7,44.01,80,75,2.24
1015,Klungkung,ID,2020-12-20 14:20:41,-8.53,115.4,80.6,88,40,17.22
1016,Deputatskiy,RU,2020-12-20 14:20:41,69.3,139.9,-24.75,89,100,3.2
1017,Nabire,ID,2020-12-20 14:20:41,-3.37,135.48,76.68,91,100,5.17
1018,Coihaique,CL,2020-12-20 14:20:41,-45.58,-72.07,57.2,54,40,10.29
1019,Meadow Lake,US,2020-12-20 14:20:42,34.8,-106.54,26.6,63,1,8.05
1020,Aosta,IT,2020-12-20 14:20:42,45.77,7.42,44.6,70,100,3.36
1021,Mandera,KE,2020-12-20 14:20:42,3.94,41.87,94.26,32,74,12.77
1022,Camabatela,AO,2020-12-20 14:20:42,-8.19,15.38,65.19,81,100,2.75
1023,Luderitz,NA,2020-12-20 14:20:40,-26.65,15.16,75.2,60,98,13.87
1024,Naron,ES,2020-12-20 14:20:42,43.52,-8.15,59.0,72,96,13.0
1025,Cedar City,US,2020-12-20 14:20:43,37.68,-113.06,12.2,85,1,3.36
1026,Gornopravdinsk,RU,2020-12-20 14:20:43,60.05,69.9,11.79,94,100,12.1
1027,Sao Joao Da Barra,BR,2020-12-20 14:20:43,-21.64,-41.05,87.8,55,0,6.93
1028,Nekhayevskiy,RU,2020-12-20 14:20:43,50.41,41.76,19.0,84,93,5.99
1029,Biak,ID,2020-12-20 14:20:43,-0.91,122.88,79.77,79,97,1.05
1030,San Cristobal,VE,2020-12-20 14:20:43,7.77,-72.22,75.2,69,20,2.24
1031,Port-Gentil,GA,2020-12-20 14:20:43,-0.72,8.78,86.0,74,40,11.41
1032,Kazanka,UA,2020-12-20 14:20:44,47.85,32.82,35.6,88,90,6.71
1033,Oranjestad,AW,2020-12-20 14:19:25,12.52,-70.03,82.4,74,20,16.11
1034,Coria,ES,2020-12-20 14:20:44,39.99,-6.54,55.0,81,33,1.99
1035,Tautira,PF,2020-12-20 14:20:44,-17.73,-149.15,77.0,78,75,6.93
1036,Jumla,NP,2020-12-20 14:20:44,29.27,82.18,42.19,45,0,4.41
1037,Malatya,TR,2020-12-20 14:20:44,38.5,38.0,42.8,48,0,3.36
1038,Margate,GB,2020-12-20 14:20:45,51.38,1.39,50.0,72,59,4.0
1039,Staroutkinsk,RU,2020-12-20 14:20:45,57.23,59.33,4.14,84,62,14.09
1040,Akyab,MM,2020-12-20 14:20:45,20.15,92.9,72.45,69,0,10.11
1041,Portland,US,2020-12-20 14:16:00,45.52,-122.68,54.0,93,90,6.93
1042,Aswan,EG,2020-12-20 14:20:46,24.09,32.91,79.97,22,0,9.13
1043,Severnyy,RU,2020-12-20 14:20:46,50.68,36.55,28.4,92,75,4.47
1044,Baykalovo,RU,2020-12-20 14:20:46,57.4,63.77,12.7,86,100,16.84
1045,Gossas,SN,2020-12-20 14:20:46,14.49,-16.06,92.62,11,100,12.19
1046,Luanda,AO,2020-12-20 14:20:46,-8.84,13.23,82.4,65,75,11.41
1047,Ustyuzhna,RU,2020-12-20 14:20:46,58.84,36.43,34.77,97,100,9.01
1048,Magadan,RU,2020-12-20 14:20:47,59.57,150.8,-9.36,83,31,11.41
1049,Ambon,ID,2020-12-20 14:20:47,-3.7,128.18,83.08,75,100,2.68
1050,Qarchi Gak,AF,2020-12-20 14:20:47,37.04,66.79,37.4,86,90,4.7
1051,Atbasar,KZ,2020-12-20 14:17:30,51.8,68.33,-7.82,87,0,9.1
1052,Lukovetskiy,RU,2020-12-20 14:20:47,64.3,41.92,24.8,92,90,2.24
1053,Kiama,AU,2020-12-20 14:20:47,-34.68,150.87,69.01,92,100,5.95
1054,Bristol,US,2020-12-20 14:20:48,41.83,-71.17,30.0,79,1,1.48
1055,Chitral,PK,2020-12-20 14:20:48,35.85,71.79,37.94,67,99,3.76
1056,Kindu,CD,2020-12-20 14:20:48,-2.95,25.95,85.73,53,43,2.68
1057,Gwadar,PK,2020-12-20 14:20:48,25.12,62.33,71.11,53,95,5.91
1058,Polunochnoye,RU,2020-12-20 14:20:48,60.87,60.42,11.59,88,98,12.95
1059,Kijang,KR,2020-12-20 14:20:48,35.24,129.21,32.0,76,0,4.7
1060,Kapit,MY,2020-12-20 14:20:49,2.02,112.93,75.11,94,100,2.13
1061,Chojnice,PL,2020-12-20 14:20:49,53.7,17.56,34.0,96,80,18.01
1062,Mackay,AU,2020-12-20 14:16:32,-21.15,149.2,80.6,78,75,11.41
1063,Tres Arroyos,AR,2020-12-20 14:20:31,-38.37,-60.28,58.71,56,100,19.53
1064,Mayskiy,RU,2020-12-20 14:20:49,47.69,40.1,32.0,93,40,2.24
1065,San Rafael Del Sur,NI,2020-12-20 14:20:49,11.85,-86.44,71.6,94,20,12.35
1066,Pevek,RU,2020-12-20 14:20:50,69.7,170.31,-6.83,90,0,1.5
1067,Ormara,PK,2020-12-20 14:20:50,25.21,64.64,73.06,44,100,4.27
1068,Elizabeth City,US,2020-12-20 14:20:50,36.29,-76.25,39.99,100,90,3.49
1069,Makungu,TZ,2020-12-20 14:20:50,-8.73,35.28,76.6,64,62,6.82
1070,Srednekolymsk,RU,2020-12-20 14:20:50,67.45,153.68,-35.97,83,1,2.01
1071,Tieli,CN,2020-12-20 14:20:50,46.95,128.05,-0.9,93,99,7.67
1072,Sarlat-La-Caneda,FR,2020-12-20 14:20:50,44.89,1.22,55.0,76,2,1.99
1073,Saint Anthony,US,2020-12-20 14:20:51,45.02,-93.22,19.4,85,1,3.36
1074,Rosetta,EG,2020-12-20 14:20:51,31.4,30.42,65.52,65,61,11.27
1075,Eyl,SO,2020-12-20 14:20:51,7.98,49.82,79.83,63,68,22.26
1076,Faya,SA,2020-12-20 14:20:51,18.39,42.45,68.0,52,40,13.87
1077,Krutinka,RU,2020-12-20 14:20:51,56.01,71.51,4.35,89,22,15.1
1078,Turukhansk,RU,2020-12-20 14:20:51,65.82,87.98,-17.48,87,100,10.98
1079,Kavieng,PG,2020-12-20 14:20:52,-2.57,150.8,83.41,74,100,7.18
1080,Nha Trang,VN,2020-12-20 14:20:12,12.25,109.18,78.8,69,75,25.28
1081,Ville-Marie,CA,2020-12-20 14:20:52,47.33,-79.43,30.2,92,90,10.29
1082,Clarence Town,AU,2020-12-20 14:20:52,-32.58,151.78,68.0,100,90,4.7
1083,Rodos,GR,2020-12-20 14:18:22,36.44,28.22,64.4,63,40,3.36
1084,Vao,NC,2020-12-20 14:20:52,-22.67,167.48,75.6,80,6,14.5
1085,El Paraiso,HN,2020-12-20 14:20:53,13.87,-86.55,66.72,86,55,4.03
1086,Broken Arrow,US,2020-12-20 14:20:53,36.05,-95.79,32.0,92,1,7.74
1087,Maniitsoq,GL,2020-12-20 14:20:53,65.42,-52.9,20.71,85,100,18.61
1088,Montepuez,MZ,2020-12-20 14:20:53,-13.13,39.0,89.78,37,56,2.04
1089,Ketchikan,US,2020-12-20 14:20:53,55.34,-131.65,37.81,79,100,2.51
1090,Kaeo,NZ,2020-12-20 14:20:53,-35.1,173.78,60.01,93,18,2.46
1091,Igrim,RU,2020-12-20 14:20:54,63.19,64.42,13.66,89,78,12.77
1092,Baghdad,IQ,2020-12-20 14:20:54,33.34,44.4,62.6,55,0,4.7
1093,Canico,PT,2020-12-20 14:20:54,32.63,-16.85,66.2,72,20,9.17
1094,West Fargo,US,2020-12-20 14:20:54,46.88,-96.9,23.0,79,1,3.36
1095,Grandview,US,2020-12-20 14:20:54,38.89,-94.53,33.01,86,1,8.05
1096,Teluk Nibung,ID,2020-12-20 14:20:54,3.0,99.82,77.07,86,100,2.64
1097,Kardailovo,RU,2020-12-20 14:20:54,51.54,53.9,0.36,89,100,6.82
1098,Waldoboro,US,2020-12-20 14:20:55,44.1,-69.38,19.4,92,75,3.36
1099,Hasaki,JP,2020-12-20 14:20:55,35.73,140.83,32.0,63,20,1.12
1100,Lekoni,GA,2020-12-20 14:20:55,-1.58,14.26,84.43,56,100,1.25
1101,Mecca,SA,2020-12-20 14:16:57,21.43,39.83,83.71,35,0,10.96
1102,Humaita,BR,2020-12-20 14:20:55,-7.51,-63.02,85.98,67,85,4.47
1103,Richards Bay,ZA,2020-12-20 14:20:56,-28.78,32.04,83.17,66,0,5.28
1104,Kamen-Rybolov,RU,2020-12-20 14:20:56,44.75,132.04,6.46,89,6,6.38
1105,Abu Samrah,SY,2020-12-20 14:20:56,35.3,37.18,59.59,53,3,4.18
1106,Shimoda,JP,2020-12-20 14:20:56,34.67,138.95,43.86,66,56,5.12
1107,Sheridan,US,2020-12-20 14:20:56,44.83,-106.92,41.0,41,40,4.7
1108,Panzhihua,CN,2020-12-20 14:20:56,26.59,101.71,48.2,60,0,1.52
1109,Machaneng,BW,2020-12-20 14:20:56,-23.19,27.49,76.57,65,100,1.72
1110,Chenzhou,CN,2020-12-20 14:20:57,25.8,113.03,39.79,73,26,2.37
1111,Tateyama,JP,2020-12-20 14:20:57,34.98,139.87,41.0,35,20,21.92
1112,Weihai,CN,2020-12-20 14:20:57,37.5,122.11,35.33,80,0,14.41
1113,Cap Malheureux,MU,2020-12-20 14:20:57,-19.98,57.61,81.0,73,0,5.99
1114,Porbandar,IN,2020-12-20 14:20:57,21.64,69.61,73.81,37,8,9.91
1115,Rustenburg,ZA,2020-12-20 14:20:58,-25.67,27.24,89.56,19,83,8.84
1116,Sydney,AU,2020-12-20 14:16:31,-33.87,151.21,68.0,88,75,4.7
1117,Buchanan,LR,2020-12-20 14:20:58,5.88,-10.05,87.8,70,75,6.17
1118,Betafo,MG,2020-12-20 14:20:58,-19.83,46.85,67.32,82,100,3.53
1119,Lovozero,RU,2020-12-20 14:20:58,68.0,35.01,20.46,96,100,10.71
1120,Salitral,PE,2020-12-20 14:20:59,-4.86,-80.68,75.9,62,0,3.94
1121,Kushmurun,KZ,2020-12-20 14:20:59,52.45,64.63,-6.56,86,0,4.5
1122,Birnin Kebbi,NG,2020-12-20 14:20:06,12.45,4.2,94.69,12,31,8.59
1123,Salzwedel,DE,2020-12-20 14:20:59,52.85,11.15,44.01,92,100,4.0
