,City,Country,Date,Latitude,Longitude,% Cloudy,% Humid,Max Temp (F),Wind Speed (mph)
0,omboue,GA,2020-12-22 17:57:45,-1.57,9.26,61,89,75.93800000000005,2.61
1,jacareacanga,BR,2020-12-22 17:57:45,-6.22,-57.75,100,88,76.53200000000001,0.68
2,port alfred,ZA,2020-12-22 17:57:45,-33.59,26.89,0,96,68.26999999999995,0.89
3,provideniya,RU,2020-12-22 17:57:45,64.38,-173.3,90,92,21.469999999999956,12
4,busselton,AU,2020-12-22 17:57:45,-33.65,115.33,0,63,69.27799999999996,2.24
5,pointe michel,DM,2020-12-22 17:57:46,15.25,-61.38,17,77,79.10600000000002,7.14
6,bonthe,SL,2020-12-22 17:57:46,7.53,-12.51,99,82,80.02400000000002,2.97
7,anadyr,RU,2020-12-22 17:57:46,64.75,177.48,40,75,-15.736000000000018,5
8,punta arenas,CL,2020-12-22 17:57:46,-53.15,-70.92,75,57,50.26999999999996,7.2
9,snezhnogorsk,RU,2020-12-22 17:57:46,69.19,33.25,75,92,28.66999999999996,1
10,bredasdorp,ZA,2020-12-22 17:57:46,-34.53,20.04,89,88,68.26999999999995,1.62
11,hobart,AU,2020-12-22 17:55:24,-42.88,147.33,75,48,66.27200000000005,5.7
12,haibowan,,,,,,,,
13,baghdad,IQ,2020-12-22 17:55:58,33.34,44.4,40,66,53.86999999999996,5.1
14,grand gaube,MU,2020-12-22 17:57:47,-20.01,57.66,15,77,78.27799999999996,4.92
15,chokurdakh,RU,2020-12-22 17:57:47,70.63,147.92,100,89,-17.121999999999986,2.65
16,maloyaz,,,,,,,,
17,mar del plata,AR,2020-12-22 17:57:08,-38,-57.56,40,73,73.66999999999996,2.1
18,mataura,NZ,2020-12-22 17:57:47,-46.19,168.86,99,88,62.27599999999999,1.79
19,vestmannaeyjar,IS,2020-12-22 17:57:48,63.44,-20.27,30,90,34.03399999999999,5.91
20,jamestown,US,2020-12-22 17:56:34,42.1,-79.24,90,86,33.27799999999996,5.1
21,rawah,IQ,2020-12-22 17:57:48,34.48,41.91,76,56,55.561999999999955,4.48
22,port elizabeth,ZA,2020-12-22 17:57:48,-33.92,25.57,0,94,70.06999999999996,1
23,sitka,US,2020-12-22 17:57:48,57.05,-135.33,90,60,43.06999999999996,7.7
24,tevriz,RU,2020-12-22 17:57:49,57.51,72.4,100,95,8.906000000000027,2.74
25,pemangkat,ID,2020-12-22 17:57:49,1.17,108.97,52,80,79.19600000000005,1.57
26,novyy urengoy,RU,2020-12-22 17:57:50,66.08,76.63,75,83,-34.34800000000003,0.6
27,lieksa,FI,2020-12-22 17:57:50,63.32,30.02,100,95,35.83399999999999,4.58
28,kieta,PG,2020-12-22 17:57:50,-6.22,155.63,78,70,85.24399999999997,1.96
29,santa ana,US,2020-12-22 17:57:50,33.75,-117.87,40,67,70.06999999999996,5.1
30,attawapiskat,,,,,,,,
31,lasa,IT,2020-12-22 17:57:50,46.62,10.7,40,93,35.86999999999996,3.1
32,ushuaia,AR,2020-12-22 17:57:50,-54.8,-68.3,40,61,50.26999999999996,10.3
33,ancud,CL,2020-12-22 17:57:51,-41.87,-73.82,29,90,48.272000000000034,2.68
34,atuona,PF,2020-12-22 17:57:51,-9.8,-139.03,36,78,79.23200000000003,7.17
35,micheweni,TZ,2020-12-22 17:57:51,-4.97,39.83,16,81,81.30199999999998,5.56
36,chuy,UY,2020-12-22 17:57:51,-33.7,-53.46,0,81,58.748000000000026,2.49
37,maniitsoq,GL,2020-12-22 17:57:51,65.42,-52.9,100,97,25.10600000000003,5.45
38,new norfolk,AU,2020-12-22 17:57:51,-42.78,147.06,31,60,66.27200000000005,1.79
39,fairbanks,US,2020-12-22 17:54:05,64.84,-147.72,75,47,35.86999999999996,5.1
40,saskylakh,RU,2020-12-22 17:57:52,71.92,114.08,100,86,-17.463999999999984,3.17
41,hilo,US,2020-12-22 17:57:52,19.73,-155.09,40,58,82.66999999999996,4.1
42,dikson,RU,2020-12-22 17:57:52,73.51,80.55,10,82,-30.496000000000002,4.89
43,tuktoyaktuk,CA,2020-12-22 17:57:52,69.45,-133.04,20,74,-21.72999999999999,7.7
44,taolanaro,,,,,,,,
45,kaitangata,NZ,2020-12-22 17:57:53,-46.28,169.85,100,98,60.27799999999996,2.35
46,san quintin,MX,2020-12-22 17:53:52,30.48,-115.95,24,63,63.69800000000002,3.56
47,nizhneyansk,,,,,,,,
48,bulgan,MN,2020-12-22 17:57:53,48.81,103.53,0,81,-1.1019999999999754,1.84
49,saint-philippe,RE,2020-12-22 17:57:53,-21.36,55.77,0,73,73.66999999999996,2.1
50,albany,US,2020-12-22 17:54:53,42.6,-73.97,75,74,37.66999999999996,6.2
51,bambous virieux,MU,2020-12-22 17:57:54,-20.34,57.76,40,83,78.27799999999996,7.2
52,bengkulu,ID,2020-12-22 17:57:54,-3.8,102.27,78,78,77.46799999999999,1.3
53,arraial do cabo,BR,2020-12-22 17:57:54,-22.97,-42.03,95,92,75.21799999999999,8.65
54,georgetown,MY,2020-12-22 17:55:01,5.41,100.34,20,83,79.06999999999996,1
55,vaini,TO,2020-12-22 17:57:55,-21.2,-175.2,75,94,75.46999999999997,3.1
56,nizhniy tsasuchey,RU,2020-12-22 17:57:55,50.52,115.13,54,85,6.53000000000004,4.8
57,bilma,NE,2020-12-22 17:57:55,18.69,12.92,89,24,68.234,2.65
58,converse,US,2020-12-22 17:57:56,29.52,-98.32,90,60,70.06999999999996,6.2
59,khatanga,RU,2020-12-22 17:57:56,71.97,102.5,83,83,-27.471999999999987,5.35
60,ephrata,US,2020-12-22 17:57:56,40.18,-76.18,90,60,43.06999999999996,5.7
61,amderma,,,,,,,,
62,katsuura,JP,2020-12-22 17:57:56,35.13,140.3,20,52,44.86999999999996,2.1
63,geraldton,AU,2020-12-22 17:57:56,-28.77,114.6,0,12,93.46999999999997,10.8
64,byron bay,AU,2020-12-22 17:49:07,-28.65,153.62,34,54,81.26600000000002,5.7
65,comodoro rivadavia,AR,2020-12-22 17:57:57,-45.87,-67.5,40,27,75.46999999999997,10.3
66,boissevain,CA,2020-12-22 17:57:57,49.23,-100.06,90,100,25.069999999999958,7.7
67,eureka,US,2020-12-22 17:57:57,40.8,-124.16,42,75,54.266000000000005,4.02
68,charters towers,AU,2020-12-22 17:57:57,-20.1,146.27,100,49,88.66400000000004,4.27
69,puerto narino,CO,2020-12-22 17:57:57,-3.77,-70.38,75,94,79.06999999999996,1.5
70,muscat,OM,2020-12-22 17:57:57,23.61,58.59,20,64,68.26999999999995,1
71,nanortalik,GL,2020-12-22 17:57:58,60.14,-45.24,100,95,32.32400000000001,6.89
72,nemuro,JP,2020-12-22 17:57:58,43.32,145.57,20,79,28.66999999999996,1.5
73,illoqqortoormiut,,,,,,,,
74,roura,GF,2020-12-22 17:57:58,4.73,-52.33,75,88,79.06999999999996,2.1
75,cape town,ZA,2020-12-22 17:56:20,-33.93,18.42,40,88,68.26999999999995,3.6
76,sedelnikovo,,,,,,,,
77,sorland,NO,2020-12-22 17:57:59,67.67,12.69,100,77,41.41400000000003,1.95
78,kahului,US,2020-12-22 17:57:01,20.89,-156.47,20,54,84.46999999999997,7.2
79,nokha,IN,2020-12-22 17:58:00,27.6,73.42,0,37,54.608000000000004,3.43
80,pangnirtung,CA,2020-12-22 17:58:00,66.15,-65.71,90,71,8.869999999999958,5.1
81,rikitea,PF,2020-12-22 17:58:00,-23.12,-134.97,13,69,77.9,4.21
82,pevek,RU,2020-12-22 17:58:00,69.7,170.31,57,87,-9.544000000000025,5.72
83,xichang,CN,2020-12-22 17:58:00,27.9,102.26,88,61,51.27799999999996,0.42
84,dembi dolo,ET,2020-12-22 17:58:02,8.53,34.8,21,65,60.33200000000002,1.71
85,tambun,ID,2020-12-22 17:58:02,-6.26,107.07,20,88,83.26400000000004,2.1
86,avarua,CK,2020-12-22 17:58:02,-21.21,-159.78,72,65,80.86999999999996,3.1
87,dali,CN,2020-12-22 17:58:02,25.7,100.18,29,85,40.33399999999999,1.11
88,hunza,,,,,,,,
89,yar-sale,RU,2020-12-22 17:58:03,66.83,70.83,3,83,-31.93600000000002,2.06
90,barentsburg,,,,,,,,
91,belushya guba,,,,,,,,
92,tomatlan,MX,2020-12-22 17:58:03,19.93,-105.25,85,59,78.33200000000002,1.65
93,hobyo,SO,2020-12-22 17:58:03,5.35,48.53,81,74,78.09800000000003,10.2
94,manyana,BW,2020-12-22 17:58:04,-23.4,21.72,100,66,74.984,4.18
95,hambantota,LK,2020-12-22 17:58:04,6.12,81.12,100,86,74.93000000000004,1.62
96,aksu,CN,2020-12-22 17:58:04,41.12,80.26,15,91,14.99000000000002,0.82
97,cabo san lucas,MX,2020-12-22 17:56:18,22.89,-109.91,75,78,73.27400000000002,1.5
98,emporia,US,2020-12-22 17:58:04,38.4,-96.18,1,38,61.069999999999965,8.2
99,yellowknife,CA,2020-12-22 17:58:04,62.46,-114.35,90,68,-14.529999999999994,3.6
100,mehamn,NO,2020-12-22 17:58:04,71.04,27.85,91,92,30.991999999999997,4.77
101,jardim de piranhas,BR,2020-12-22 17:58:05,-6.38,-37.35,100,52,83.33599999999997,7.29
102,lolua,,,,,,,,
103,gigmoto,PH,2020-12-22 17:58:05,13.78,124.39,29,80,81.82400000000001,5.64
104,virginia beach,US,2020-12-22 17:55:36,36.85,-75.98,20,42,48.469999999999956,2.6
105,labrea,BR,2020-12-22 17:58:05,-7.26,-64.8,96,93,76.51400000000004,0.52
106,touros,BR,2020-12-22 17:58:05,-5.2,-35.46,20,78,79.06999999999996,5.7
107,ashland,US,2020-12-22 17:57:31,40.82,-82.27,90,82,38.26400000000003,3.6
108,carnarvon,AU,2020-12-22 17:58:06,-24.87,113.63,0,83,80.86999999999996,2.6
109,east london,ZA,2020-12-22 17:58:06,-33.02,27.91,0,78,69.60199999999998,3.41
110,dingle,PH,2020-12-22 17:58:06,11,122.67,13,86,80.45600000000003,4.11
111,vao,NC,2020-12-22 17:58:06,-22.67,167.48,90,69,77.03599999999997,2.23
112,mangrol,IN,2020-12-22 17:58:06,21.12,70.12,0,45,66.61400000000003,3.76
113,chernolesskoye,RU,2020-12-22 17:58:07,44.72,43.71,100,95,34.34000000000002,6.14
114,hofn,IS,2020-12-22 17:58:07,64.25,-15.21,29,81,25.48399999999999,1.14
115,kalawit,PH,2020-12-22 17:58:07,8.07,122.52,29,80,81.5,2.41
116,hede,CN,2020-12-22 17:55:09,33.77,120.25,100,75,39.10999999999998,2.2
117,fensmark,DK,2020-12-22 17:58:07,55.28,11.8,68,86,43.26799999999999,0.5
118,kitimat,CA,2020-12-22 17:57:58,54.05,-128.65,94,91,31.261999999999954,0.72
119,kavieng,PG,2020-12-22 17:58:07,-2.57,150.8,89,76,83.39000000000001,2.83
120,matagami,CA,2020-12-22 17:58:08,49.75,-77.63,90,84,8.869999999999958,2.6
121,ishigaki,JP,2020-12-22 17:58:08,24.34,124.16,75,83,71.86999999999996,8.2
122,saint-georges,GD,2020-12-22 17:58:08,12.06,-61.75,95,81,79.55600000000004,7.61
123,puerto ayora,EC,2020-12-22 17:58:08,-0.74,-90.35,60,92,73.27400000000002,0.45
124,urusha,RU,2020-12-22 17:58:08,54.05,122.9,93,85,-9.562000000000005,0.89
125,airai,TL,2020-12-22 17:58:08,-8.93,125.41,100,100,63.71600000000001,1.26
126,general roca,AR,2020-12-22 17:58:08,-39.03,-67.58,0,16,91.66999999999996,4.6
127,mount isa,AU,2020-12-22 17:58:09,-20.73,139.5,75,73,77.26999999999995,4.6
128,alimanguan,,,,,,,,
129,hawalli,KW,2020-12-22 17:58:09,29.28,48,5,81,59.26999999999996,2.1
130,negele,,,,,,,,
131,waverley,ZA,2020-12-22 17:58:09,-25.7,28.26,76,86,73.27400000000002,1.34
132,lebu,CL,2020-12-22 17:58:09,-37.62,-73.65,0,85,57.72200000000004,8.24
133,saleaula,,,,,,,,
134,karasburg,NA,2020-12-22 17:58:10,-28.02,18.75,0,64,61.28599999999997,4.39
135,guerrero negro,MX,2020-12-22 17:58:10,27.98,-114.06,21,40,66.81199999999995,4.83
136,qaanaaq,GL,2020-12-22 17:58:10,77.48,-69.36,2,75,0.5179999999999829,3.5
137,lyubashivka,UA,2020-12-22 17:58:10,47.84,30.26,32,98,25.375999999999987,3.22
138,tateyama,JP,2020-12-22 17:58:10,34.98,139.87,20,66,48.469999999999956,2.6
139,bluff,NZ,2020-12-22 17:58:10,-46.6,168.33,100,88,62.27599999999999,1.79
140,souillac,MU,2020-12-22 17:58:11,-20.52,57.52,40,83,77.26999999999995,7.2
141,juneau,US,2020-12-22 17:58:11,58.3,-134.42,90,74,37.66999999999996,9.8
142,yefira,,,,,,,,
143,saint-francois,FR,2020-12-22 17:58:11,46.42,3.91,0,93,51.27799999999996,1.5
144,kanniyakumari,IN,2020-12-22 17:58:11,8.08,77.57,98,84,76.45999999999998,7.43
145,tiksi,RU,2020-12-22 17:58:11,71.69,128.87,100,89,-17.337999999999994,2.58
146,marzuq,YE,2020-12-22 17:58:11,14.4,46.47,17,47,57.596000000000046,1.32
147,lorengau,PG,2020-12-22 17:58:12,-2.02,147.27,99,75,83.89399999999998,2.46
148,lagoa,PT,2020-12-22 17:58:12,39.05,-27.98,38,68,55.88599999999997,10.19
149,myrtle beach,US,2020-12-22 17:53:47,33.69,-78.89,1,46,53.86999999999996,2.6
150,agustin codazzi,CO,2020-12-22 17:58:12,10.03,-73.24,44,70,79.91600000000001,1.95
151,mys shmidta,,,,,,,,
152,mormugao,IN,2020-12-22 17:58:12,15.4,73.8,40,61,77.26999999999995,3.6
153,ahipara,NZ,2020-12-22 17:58:13,-35.17,173.17,100,62,73.058,3.74
154,gigant,RU,2020-12-22 17:58:13,46.51,41.34,94,98,22.549999999999997,4.84
155,san patricio,US,2020-12-22 17:58:13,28.02,-97.52,90,68,71.86999999999996,8.7
156,salto,UY,2020-12-22 17:55:29,-31.38,-57.97,0,36,78.27799999999996,1.34
157,shimoda,JP,2020-12-22 17:58:13,34.67,138.95,20,66,50.26999999999996,2.6
158,singapore,SG,2020-12-22 17:48:48,1.29,103.85,75,88,79.06999999999996,2.64
159,borisoglebskiy,RU,2020-12-22 17:58:13,57.26,39.15,90,86,26.86999999999996,3
160,kodiak,US,2020-12-22 17:58:14,57.79,-152.41,1,83,41.26999999999996,5.1
161,clyde river,CA,2020-12-22 17:55:25,70.47,-68.59,100,91,3.46999999999996,13.25
162,haines junction,CA,2020-12-22 17:58:14,60.75,-137.51,100,92,18.841999999999995,2.19
163,asau,RO,2020-12-22 17:55:45,46.43,26.4,100,90,32.26999999999996,1.85
164,santa rosa,PH,2020-12-22 17:57:52,14.31,121.11,40,88,83.26400000000004,1.5
165,caravelas,BR,2020-12-22 17:58:14,-17.71,-39.25,7,83,77.35999999999999,4.38
166,gulmarg,IN,2020-12-22 17:58:15,34.05,74.39,2,87,23.719999999999956,0.95
167,saint george,US,2020-12-22 17:57:40,37.1,-113.58,1,16,62.86999999999996,6.2
168,barrow,US,2020-12-22 17:58:15,71.29,-156.79,1,69,-10.929999999999993,12.9
169,bilibino,RU,2020-12-22 17:58:15,68.05,166.44,100,80,-32.62000000000002,1.11
170,udachnyy,RU,2020-12-22 17:58:15,66.42,112.4,0,64,-43.33,1
171,sao filipe,CV,2020-12-22 17:58:15,14.9,-24.5,10,73,73.36400000000003,3.78
172,saint anthony,US,2020-12-22 17:58:15,45.02,-93.22,1,45,43.06999999999996,8.2
173,poopo,BO,2020-12-22 17:58:16,-18.37,-66.97,65,65,53.11400000000003,9.32
174,wallaceburg,CA,2020-12-22 17:58:16,42.59,-82.39,90,74,37.66999999999996,2.49
175,severo-kurilsk,RU,2020-12-22 17:58:16,50.68,156.12,95,89,21.469999999999956,11.5
176,hermanus,ZA,2020-12-22 17:58:16,-34.42,19.23,86,95,66.27200000000005,0.89
177,mount gambier,AU,2020-12-22 17:58:16,-37.83,140.77,90,67,61.069999999999965,4.1
178,jibuti,DJ,2020-12-22 17:57:18,11.5,42.5,1,83,73.66999999999996,7.79
179,paamiut,GL,2020-12-22 17:58:16,61.99,-49.67,100,87,33.78200000000002,5.97
180,grindavik,IS,2020-12-22 17:58:17,63.84,-22.43,75,77,34.06999999999996,2.6
181,walvis bay,NA,2020-12-22 17:58:17,-22.96,14.51,19,88,66.27200000000005,2.1
182,barbar,,,,,,,,
183,palmer,US,2020-12-22 17:58:17,42.16,-72.33,75,55,39.469999999999956,7.2
184,yabassi,CM,2020-12-22 17:58:17,4.46,9.97,40,100,79.06999999999996,1
185,whitianga,NZ,2020-12-22 17:57:11,-36.83,175.7,100,80,67.98200000000003,3.7
186,jiddah,,,,,,,,
187,srednekolymsk,RU,2020-12-22 17:58:18,67.45,153.68,100,86,-24.483999999999995,1.05
188,jacqueville,CI,2020-12-22 17:58:18,5.21,-4.41,40,88,79.06999999999996,1
189,mpraeso,GH,2020-12-22 17:58:18,6.59,-0.73,8,90,73.49000000000002,1.58
190,luis moya,MX,2020-12-22 17:58:18,22.43,-102.25,75,22,70.06999999999996,10.3
191,vila velha,BR,2020-12-22 17:55:32,-20.33,-40.29,40,83,79.06999999999996,4.6
192,ekibastuz,KZ,2020-12-22 17:58:18,51.67,75.37,95,91,5.935999999999968,6.66
193,pangkalanbuun,ID,2020-12-22 17:58:19,-2.68,111.62,85,90,77.73800000000006,1.5
194,isakly,RU,2020-12-22 17:58:19,54.13,51.53,95,96,14.666000000000007,2.79
195,bikin,RU,2020-12-22 17:58:19,46.82,134.26,100,95,9.356000000000027,1.68
196,saldanha,ZA,2020-12-22 17:58:19,-33.01,17.94,1,88,64.66999999999996,3.6
197,itarema,BR,2020-12-22 17:58:19,-2.92,-39.92,72,73,80.27599999999998,6.67
198,henties bay,NA,2020-12-22 17:58:19,-22.12,14.28,27,89,66.27200000000005,0.89
199,nikolskoye,RU,2020-12-22 17:58:20,59.7,30.79,75,96,33.27799999999996,4
200,kapaa,US,2020-12-22 17:58:20,22.08,-159.32,1,61,80.86999999999996,3.6
201,kangalassy,RU,2020-12-22 17:58:20,62.35,129.96,90,57,-46.92999999999999,0.68
202,ngukurr,,,,,,,,
203,fort nelson,CA,2020-12-22 17:58:20,58.81,-122.7,40,76,-10.929999999999993,0.77
204,lima,PE,2020-12-22 17:49:34,-12.04,-77.03,75,77,70.06999999999996,8.2
205,vrangel,RU,2020-12-22 17:58:21,42.73,133.08,0,87,28.111999999999956,1.57
206,arinos,BR,2020-12-22 17:58:21,-15.92,-46.11,100,87,74.11999999999996,0.34
207,hermosillo,MX,2020-12-22 17:47:58,29.07,-110.97,34,18,78.27799999999996,2.24
208,quang ngai,VN,2020-12-22 17:57:50,15.12,108.8,100,86,67.76600000000002,3.87
209,puertollano,ES,2020-12-22 17:58:21,38.69,-4.11,100,96,44.27599999999999,0.9
210,castro,BR,2020-12-22 17:58:21,-24.79,-50.01,61,94,63.33800000000005,4.45
211,dakar,SN,2020-12-22 17:57:25,14.69,-17.44,0,83,71.86999999999996,4.1
212,deputatskiy,RU,2020-12-22 17:58:22,69.3,139.9,94,86,-30.37000000000001,1.85
213,maun,BW,2020-12-22 17:58:22,-19.98,23.42,0,88,75.46999999999997,2.1
214,lata,PT,2020-12-22 17:58:22,40.16,-8.33,100,93,57.272000000000034,1.45
215,honningsvag,NO,2020-12-22 17:58:22,70.98,25.97,82,90,33.475999999999985,9.78
216,ust-kamchatsk,,,,,,,,
217,saint-joseph,RE,2020-12-22 17:58:22,-21.37,55.62,0,73,73.66999999999996,2.1
218,anloga,GH,2020-12-22 17:58:23,5.79,0.9,20,88,80.86999999999996,3.1
219,mahebourg,MU,2020-12-22 17:58:23,-20.41,57.7,40,83,77.26999999999995,7.2
220,morehead,US,2020-12-22 17:58:23,37.27,-87.18,1,52,46.66999999999996,2.1
221,dreznica,BA,2020-12-22 17:58:23,43.53,17.28,20,93,45.266000000000005,2.1
222,fangshan,CN,2020-12-22 17:58:23,39.7,115.99,0,21,37.66999999999996,7
223,hasaki,JP,2020-12-22 17:57:06,35.73,140.83,20,74,35.86999999999996,2.1
224,quatre cocos,MU,2020-12-22 17:58:23,-20.21,57.76,40,83,78.27799999999996,7.2
225,sai buri,TH,2020-12-22 17:58:24,6.7,101.62,97,81,77.37799999999996,0.47
226,laguna,US,2020-12-22 17:58:24,38.42,-121.42,1,38,59.26999999999996,5.7
227,bathsheba,BB,2020-12-22 17:58:24,13.22,-59.52,20,78,79.06999999999996,9.8
228,ahuimanu,US,2020-12-22 17:58:24,21.44,-157.84,75,61,84.46999999999997,3.1
229,manaus,BR,2020-12-22 17:58:24,-3.1,-60.02,40,83,84.46999999999997,1
230,waddan,LY,2020-12-22 17:58:24,29.16,16.14,96,64,58.60399999999996,2.94
231,sentyabrskiy,,,,,,,,
232,baiyin,CN,2020-12-22 17:58:25,36.56,104.21,0,64,18.266000000000005,2
233,namatanai,PG,2020-12-22 17:58:25,-3.67,152.43,100,74,83.91199999999995,2.22
234,channel-port aux basques,CA,2020-12-22 17:58:25,47.57,-59.14,100,86,35.653999999999954,15.03
235,constitucion,CL,2020-12-22 17:58:25,-35.33,-72.42,0,64,62.45600000000003,7.24
236,cidreira,BR,2020-12-22 17:58:25,-30.18,-50.21,0,70,67.36999999999996,2.84
237,mezen,RU,2020-12-22 17:58:25,65.85,44.24,100,98,33.35,2.1
238,husavik,IS,2020-12-22 17:58:26,66.04,-17.34,0,78,17.86999999999996,2.1
239,malwan,,,,,,,,
240,harindanga,IN,2020-12-22 17:58:26,22.04,88.32,0,93,53.86999999999996,2.06
241,port blair,IN,2020-12-22 17:58:26,11.67,92.75,26,72,77.50399999999996,4.67
242,sistranda,NO,2020-12-22 17:57:20,63.73,8.83,75,86,41.26999999999996,5.1
243,salalah,OM,2020-12-22 17:58:26,17.02,54.09,0,38,75.46999999999997,9.3
244,cabedelo,BR,2020-12-22 17:58:27,-6.98,-34.83,20,78,79.06999999999996,3.6
245,mecca,SA,2020-12-22 17:58:27,21.43,39.83,2,63,75.59600000000006,1.69
246,fengcheng,CN,2020-12-22 17:58:27,40.45,124.07,80,96,27.89600000000005,1.04
247,maniwaki,CA,2020-12-22 17:58:27,46.38,-75.97,99,79,19.66999999999996,4.1
248,samalaeulu,,,,,,,,
249,norman wells,CA,2020-12-22 17:58:27,65.28,-126.83,40,68,-14.529999999999994,2.6
250,dunedin,NZ,2020-12-22 17:58:28,-45.87,170.5,100,88,58.26199999999996,4.17
251,port-cartier,CA,2020-12-22 17:58:28,50.03,-66.87,100,63,30.46999999999996,8.2
252,codrington,AU,2020-12-22 17:58:28,-38.27,141.97,59,69,59.50399999999995,5.58
253,thinadhoo,MV,2020-12-22 17:58:28,0.53,72.93,100,78,82.11199999999997,5.63
254,upernavik,GL,2020-12-22 17:58:28,72.79,-56.15,100,93,22.819999999999958,13.37
255,karratha,AU,2020-12-22 17:58:28,-20.74,116.85,86,31,90.21199999999996,4.29
256,coihaique,CL,2020-12-22 17:58:28,-45.58,-72.07,75,47,59.26999999999996,3.6
257,baza,ES,2020-12-22 17:58:29,37.49,-2.77,0,84,48.272000000000034,0.25
258,tautira,PF,2020-12-22 17:58:29,-17.73,-149.15,75,88,75.27200000000005,6.2
259,beringovskiy,RU,2020-12-22 17:58:29,63.05,179.32,43,85,-18.508000000000003,8.24
260,butaritari,KI,2020-12-22 17:58:29,3.07,172.79,50,80,81.26600000000002,8.23
261,tura,IN,2020-12-22 17:58:29,25.52,90.22,0,79,56.714000000000034,1.42
262,alepe,CI,2020-12-22 17:58:29,5.5,-3.66,40,88,79.06999999999996,1
263,robertsport,LR,2020-12-22 17:58:30,6.75,-11.37,41,82,80.40199999999999,4.28
264,sao joao da barra,BR,2020-12-22 17:58:30,-21.64,-41.05,98,91,76.64000000000001,2.57
265,portland,US,2020-12-22 17:56:09,45.52,-122.68,92,87,47.26400000000003,1.02
266,sataua,,,,,,,,
267,grand river south east,,,,,,,,
268,thoen,TH,2020-12-22 17:58:30,17.61,99.22,42,78,57.75800000000001,1.18
269,san pedro,PH,2020-12-22 17:58:30,14.35,121.02,40,88,83.26400000000004,1.5
270,ribeira grande,PT,2020-12-22 17:58:31,38.52,-28.7,9,67,56.317999999999984,9.43
271,samaipata,BO,2020-12-22 17:58:31,-18.15,-63.87,38,86,56.858000000000004,0.24
272,aklavik,CA,2020-12-22 17:58:31,68.22,-135.01,20,74,-23.529999999999994,3.6
273,rawannawi,,,,,,,,
274,seoul,KR,2020-12-22 17:52:23,37.57,126.98,90,86,34.06999999999996,1.76
275,russell,US,2020-12-22 17:58:31,32.35,-85.2,1,53,61.069999999999965,0.85
276,kamenka,RU,2020-12-22 17:58:31,51.32,42.77,0,93,4.567999999999984,1.5
277,ada,US,2020-12-22 17:58:32,43.42,-116.13,75,64,37.274000000000015,6.7
278,poso,ID,2020-12-22 17:58:32,-1.4,120.75,91,72,83.26400000000004,0.71
279,langsa,ID,2020-12-22 17:58:32,4.47,97.97,99,93,72.91400000000004,0.96
280,flinders,AU,2020-12-22 17:58:32,-34.58,150.86,0,54,75.27200000000005,2.24
281,homer,US,2020-12-22 17:58:32,59.64,-151.55,90,80,39.469999999999956,7.7
282,camopi,GF,2020-12-22 17:58:32,3.17,-52.32,92,96,73.41799999999998,1.5
283,phayao,TH,2020-12-22 17:58:33,19.25,100.25,9,90,51.63800000000005,0.63
284,kendari,ID,2020-12-22 17:58:33,-3.94,122.5,99,86,79.934,0.83
285,la paz,BO,2020-12-22 17:50:13,-16.5,-68.15,75,76,50.26999999999996,2.1
286,meyungs,,,,,,,,
287,burica,,,,,,,,
288,egvekinot,RU,2020-12-22 17:58:33,66.32,-179.17,100,88,-14.56600000000001,10.83
289,mandan,US,2020-12-22 17:58:33,46.83,-100.89,1,74,38.26400000000003,1.5
290,alyangula,AU,2020-12-22 17:58:33,-13.85,136.42,40,79,84.46999999999997,3.6
291,sibolga,ID,2020-12-22 17:58:34,1.74,98.78,98,80,77.684,1.17
292,sabang,ID,2020-12-22 17:58:34,5.89,95.32,92,74,80.99600000000005,7.2
293,takoradi,GH,2020-12-22 17:58:34,4.88,-1.76,50,87,79.46600000000001,3.96
294,porto seguro,BR,2020-12-22 17:55:37,-16.45,-39.06,20,78,79.06999999999996,4.6
295,chara,RU,2020-12-22 17:58:34,56.91,118.26,89,72,-12.98200000000002,0.31
296,ulaanbaatar,MN,2020-12-22 17:58:34,47.91,106.88,40,83,-3.7299999999999898,1
297,umzimvubu,,,,,,,,
298,te anau,NZ,2020-12-22 17:58:35,-45.42,167.72,100,72,59.61199999999995,2.18
299,utiroa,,,,,,,,
300,cherskiy,RU,2020-12-22 17:58:35,68.75,161.3,100,84,-30.046,1.98
301,nishihara,JP,2020-12-22 17:58:35,26.18,127.76,40,64,70.06999999999996,4.1
302,novska,HR,2020-12-22 17:58:35,45.34,16.98,93,100,41.26999999999996,1.5
303,imperia,IT,2020-12-22 17:58:35,43.97,7.78,40,87,53.86999999999996,3.1
304,bethel,US,2020-12-22 17:57:05,41.37,-73.41,90,55,40.26199999999996,5.1
305,prainha,BR,2020-12-22 17:58:36,-1.8,-53.48,100,52,80.43800000000005,1.46
306,ilulissat,GL,2020-12-22 17:56:59,69.22,-51.1,100,68,25.069999999999958,4.6
307,wajima,JP,2020-12-22 17:58:36,37.4,136.9,75,100,35.86999999999996,7.17
308,mianyang,CN,2020-12-22 17:54:23,31.46,104.75,43,73,39.811999999999955,1.08
309,sala,MA,2020-12-22 17:58:36,34.04,-6.82,0,100,57.272000000000034,2.44
310,tasiilaq,GL,2020-12-22 17:58:36,65.61,-37.64,80,61,17.86999999999996,2.6
311,hithadhoo,MV,2020-12-22 17:58:37,-0.6,73.08,100,75,82.75999999999999,7.65
312,koumac,NC,2020-12-22 17:58:37,-20.57,164.28,10,65,82.09399999999997,3.23
313,talnakh,RU,2020-12-22 17:58:37,69.49,88.4,40,64,-41.52999999999999,3
314,birjand,IR,2020-12-22 17:58:37,32.87,59.22,0,79,25.069999999999958,2.1
315,coquimbo,CL,2020-12-22 17:56:59,-29.95,-71.34,75,77,59.26999999999996,4.6
316,los llanos de aridane,ES,2020-12-22 17:58:37,28.66,-17.92,0,67,62.86999999999996,3.1
317,manali,IN,2020-12-22 17:58:37,13.17,80.27,40,83,73.66999999999996,1
318,kruisfontein,ZA,2020-12-22 17:58:38,-34,24.73,74,92,70.26799999999999,2
319,hamilton,US,2020-12-22 17:56:50,39.18,-84.53,1,69,39.272000000000034,1.5
320,nueva concepcion,GT,2020-12-22 17:58:38,14.2,-91.3,75,66,84.46999999999997,2.1
321,tripoli,LY,2020-12-22 17:58:38,32.88,13.19,0,78,61.66400000000003,3.14
322,chernyshevskiy,RU,2020-12-22 17:58:38,63.01,112.47,100,88,-25.924000000000014,0.7
323,honiara,SB,2020-12-22 17:58:38,-9.43,159.95,75,70,89.86999999999996,3.6
324,torbay,CA,2020-12-22 17:58:38,47.67,-52.73,90,81,44.27599999999999,13.4
325,pangoa,PE,2020-12-22 17:58:39,-12.12,-73,100,91,69.04399999999998,0.38
326,tuatapere,NZ,2020-12-22 17:58:39,-46.13,167.68,100,88,62.27599999999999,1.79
327,makkaveyevo,RU,2020-12-22 17:58:39,51.75,113.95,0,83,-9.129999999999988,1
328,ponta do sol,PT,2020-12-22 17:58:39,32.67,-17.1,75,59,64.66999999999996,2.1
329,bandarbeyla,SO,2020-12-22 17:58:39,9.49,50.81,36,73,74.28200000000001,9.1
330,ileza,RU,2020-12-22 17:58:39,61.05,43.9,98,98,27.751999999999974,2.95
331,gat,IL,2020-12-22 17:58:40,31.61,34.76,22,100,57.272000000000034,0.45
332,zhezkazgan,KZ,2020-12-22 17:58:40,47.8,67.71,0,84,-7.798000000000023,1.16
333,sulurpeta,,,,,,,,
334,kirovskiy,RU,2020-12-22 17:58:40,45.09,133.51,84,95,14.198000000000025,2.41
335,champerico,GT,2020-12-22 17:58:40,14.3,-91.92,75,66,84.46999999999997,2.1
336,erenhot,CN,2020-12-22 17:58:40,43.65,111.98,33,89,6.764000000000031,7.13
337,mariestad,SE,2020-12-22 17:58:40,58.71,13.82,45,87,43.06999999999996,4.1
338,humaita,BR,2020-12-22 17:58:41,-7.51,-63.02,93,94,75.95600000000003,0.88
339,isangel,VU,2020-12-22 17:58:41,-19.55,169.27,75,74,84.46999999999997,2.6
340,port hedland,AU,2020-12-22 17:58:41,-20.32,118.57,99,27,88.06999999999996,3.6
341,mogadouro,PT,2020-12-22 17:58:41,41.34,-6.71,100,92,46.274000000000015,0.45
342,cartagena,CO,2020-12-22 17:58:41,10.4,-75.51,4,81,80.924,7.81
343,alpena,US,2020-12-22 17:58:41,45.06,-83.43,1,85,29.26400000000003,2.1
344,krasnooktyabrskiy,RU,2020-12-22 17:58:41,44.93,38.37,56,79,31.261999999999954,0.89
345,victoria,HK,2020-12-22 17:57:06,22.29,114.16,84,81,64.27400000000002,0.45
346,kazalinsk,,,,,,,,
347,eyl,SO,2020-12-22 17:58:42,7.98,49.82,40,69,74.20999999999998,9.05
348,shitanjing,CN,2020-12-22 17:58:42,39.23,106.34,0,74,15.782000000000014,3.9
349,lavrentiya,RU,2020-12-22 17:58:42,65.58,-171,100,96,18.5,7.98
350,lakhimpur,IN,2020-12-22 17:58:42,27.95,80.77,73,53,55.09399999999997,1.56
351,belmonte,BR,2020-12-22 17:58:42,-15.86,-38.88,20,78,79.06999999999996,4.6
352,komsomolskiy,UZ,2020-12-22 17:58:43,40.43,71.72,90,86,28.66999999999996,3.1
353,zarand,IR,2020-12-22 17:58:43,30.81,56.56,0,69,39.41600000000001,0.91
354,garowe,SO,2020-12-22 17:58:43,8.41,48.48,55,69,67.87400000000002,6.64
355,kaduqli,SD,2020-12-22 17:58:43,11.02,29.72,34,24,76.96400000000003,4.44
356,sorvag,,,,,,,,
357,coahuayana,MX,2020-12-22 17:58:43,18.73,-103.68,75,51,82.66999999999996,3.1
358,samfya,ZM,2020-12-22 17:58:44,-11.36,29.56,100,90,64.65199999999999,2.24
359,kusti,SD,2020-12-22 17:58:44,13.16,32.66,1,24,77.234,6.77
360,tilichiki,RU,2020-12-22 17:58:44,60.47,166.1,3,89,-20.97400000000001,4.71
361,groningen,NL,2020-12-22 17:58:44,53.25,6.75,90,100,42.27799999999996,1.5
362,narsaq,GL,2020-12-22 17:58:44,60.92,-46.05,100,43,35.86999999999996,7.2
363,jaypur,IN,2020-12-22 17:58:44,18.85,82.58,0,51,53.653999999999954,1.03
364,kimbe,PG,2020-12-22 17:58:44,-5.55,150.14,93,73,84.326,1.37
365,tessalit,ML,2020-12-22 17:58:45,20.2,1.01,0,38,55.903999999999954,5.12
366,beloha,MG,2020-12-22 17:58:45,-25.17,45.05,0,78,74.15600000000003,3.49
367,touho,NC,2020-12-22 17:58:45,-20.78,165.23,45,72,80.24000000000002,4.09
368,puerto del rosario,ES,2020-12-22 17:58:45,28.5,-13.86,0,72,61.069999999999965,2.1
369,maceio,BR,2020-12-22 17:58:45,-9.67,-35.74,0,88,75.46999999999997,3.6
370,tual,ID,2020-12-22 17:58:45,-5.67,132.75,97,75,84.29000000000002,6.07
371,fortuna,US,2020-12-22 17:58:46,40.6,-124.16,1,70,51.27799999999996,3.6
372,bandar-e torkaman,,,,,,,,
373,esperance,AU,2020-12-22 17:58:46,-33.87,121.9,0,67,61.069999999999965,5.7
374,daru,PG,2020-12-22 17:58:46,-9.08,143.21,66,66,87.29600000000005,1.68
375,urumqi,CN,2020-12-22 17:56:12,43.8,87.6,75,84,-0.12999999999998835,1
376,vila,PT,2020-12-22 17:58:46,42.03,-8.16,100,87,53.27599999999999,4.01
377,nyrob,RU,2020-12-22 17:58:47,60.73,56.72,100,97,28.777999999999963,4.62
378,chaska,US,2020-12-22 17:58:47,44.79,-93.6,1,48,43.26799999999999,8.2
379,marcona,,,,,,,,
380,wukari,NG,2020-12-22 17:58:47,7.85,9.78,15,24,74.35399999999996,0.75
381,kidal,ML,2020-12-22 17:56:24,18.44,1.41,0,29,60.49399999999997,5.6
382,yumen,CN,2020-12-22 17:58:47,40.28,97.2,45,83,14.288000000000043,5.78
383,petrozavodsk,RU,2020-12-22 17:55:10,61.78,34.35,100,98,34.06999999999996,1
384,lopsmarka,NO,2020-12-22 17:58:48,67.31,14.45,75,59,37.66999999999996,10.3
385,tondano,ID,2020-12-22 17:58:48,1.3,124.91,40,94,79.06999999999996,1
386,kutulik,RU,2020-12-22 17:58:48,53.35,102.78,100,85,1.5080000000000027,2.47
387,merauke,ID,2020-12-22 17:55:07,-8.47,140.33,6,76,83.76799999999999,1.65
388,galveston,US,2020-12-22 17:58:48,29.37,-94.97,20,72,64.66999999999996,4.6
389,jardim,BR,2020-12-22 17:58:48,-21.48,-56.14,55,69,80.13200000000002,1.84
390,atbasar,KZ,2020-12-22 17:58:49,51.8,68.33,100,92,-2.2719999999999843,4.34
391,petropavlovsk-kamchatskiy,RU,2020-12-22 17:58:49,53.05,158.65,100,61,17.86999999999996,5
392,mirnyy,RU,2020-12-22 17:56:06,62.54,113.96,0,66,-32.52999999999999,1
393,fulitun,,,,,,,,
394,callaguip,PH,2020-12-22 17:58:49,18.07,120.49,20,94,71.86999999999996,0.5
395,meulaboh,ID,2020-12-22 17:58:49,4.14,96.13,90,89,76.51400000000004,2.03
396,zheleznodorozhnyy,RU,2020-12-22 17:58:49,55.75,38,90,86,28.66999999999996,3
397,viligili,,,,,,,,
398,magadan,RU,2020-12-22 17:56:19,59.57,150.8,95,84,-5.494000000000021,6.21
399,berck,FR,2020-12-22 17:58:50,50.4,1.6,100,93,55.66999999999996,2.6
400,dinar,TR,2020-12-22 17:58:50,38.06,30.17,40,80,34.06999999999996,1.5
401,taoudenni,ML,2020-12-22 17:58:50,22.68,-3.98,0,47,58.00999999999998,5.83
402,aranos,NA,2020-12-22 17:58:50,-24.13,19.12,65,49,76.98200000000003,2.94
403,kavaratti,IN,2020-12-22 17:58:50,10.57,72.64,56,72,81.62599999999999,4.09
404,burnie,AU,2020-12-22 17:58:51,-41.07,145.92,2,59,62.27599999999999,7.15
405,pisco,PE,2020-12-22 17:58:51,-13.7,-76.22,0,83,70.06999999999996,9.8
406,vaitupu,,,,,,,,
407,christchurch,NZ,2020-12-22 17:58:42,-43.53,172.63,100,77,68.26999999999995,1
408,rio claro,BR,2020-12-22 17:54:53,-22.41,-47.56,75,100,70.06999999999996,1.5
409,warqla,,,,,,,,
410,ibotirama,BR,2020-12-22 17:58:52,-12.19,-43.22,70,68,75.63200000000002,0.23
411,bilaspur,IN,2020-12-22 17:56:42,22.08,82.15,3,46,53.29399999999997,1.28
412,portobelo,PA,2020-12-22 17:58:52,9.55,-79.65,33,99,81.26600000000002,5.95
413,carlsbad,US,2020-12-22 17:54:24,33.16,-117.35,1,77,64.27400000000002,3.1
414,hailey,US,2020-12-22 17:58:52,43.52,-114.32,40,50,28.66999999999996,4.6
415,kapit,MY,2020-12-22 17:58:52,2.02,112.93,99,93,76.69399999999997,0.1
416,thompson,CA,2020-12-22 17:57:20,55.74,-97.86,75,69,-9.129999999999988,2.6
417,hualmay,PE,2020-12-22 17:58:53,-11.1,-77.61,88,81,69.08000000000004,4.19
418,wangkui,CN,2020-12-22 17:58:53,46.83,126.5,100,96,10.616000000000007,2.38
419,vardo,NO,2020-12-22 17:58:53,70.37,31.11,75,85,25.069999999999958,7.7
420,port hardy,CA,2020-12-22 17:58:53,50.7,-127.42,75,80,41.26999999999996,1
421,reichenbach,DE,2020-12-22 17:58:53,48.71,9.46,20,81,57.272000000000034,3.1
422,port lincoln,AU,2020-12-22 17:58:54,-34.73,135.87,57,60,60.998000000000026,3.09
423,ustka,PL,2020-12-22 17:58:54,54.58,16.86,96,81,43.898000000000025,7.52
424,kleck,,,,,,,,
425,muli,MV,2020-12-22 17:58:54,2.92,73.57,100,80,81.64399999999998,7.29
426,maksatikha,RU,2020-12-22 17:58:54,57.8,35.88,100,98,23.23399999999999,2.93
427,thunder bay,CA,2020-12-22 17:56:20,48.4,-89.32,90,92,26.27599999999999,2.6
428,vila franca do campo,PT,2020-12-22 17:58:54,37.72,-25.43,40,76,53.86999999999996,5.7
429,panama city,PA,2020-12-22 17:56:21,8.99,-79.52,20,70,84.46999999999997,3.6
430,khonsa,IN,2020-12-22 17:58:55,27.02,95.57,0,73,51.69199999999999,1.45
431,half moon bay,US,2020-12-22 17:58:55,37.46,-122.43,1,66,59.26999999999996,5.1
432,svetlogorsk,BY,2020-12-22 17:58:55,52.63,29.73,96,96,27.01400000000003,7.39
433,antofagasta,CL,2020-12-22 17:56:59,-23.65,-70.4,20,68,66.46999999999997,5.1
434,cognac,FR,2020-12-22 17:58:56,45.5,-0.25,0,87,55.66999999999996,3.6
435,tuy hoa,VN,2020-12-22 17:58:56,13.08,109.3,100,90,71.05999999999997,4.02
436,darhan,MN,2020-12-22 17:58:57,49.49,105.92,100,93,6.53000000000004,0.02
437,moron,AR,2020-12-22 17:58:57,-34.65,-58.62,0,39,81.26600000000002,0.89
438,curup,ID,2020-12-22 17:58:57,-3.47,102.53,90,88,70.89800000000002,0.81
439,kutum,SD,2020-12-22 17:58:57,14.2,24.67,10,33,57.866000000000014,3.74
440,atka,,,,,,,,
441,broome,US,2020-12-22 17:56:50,42.25,-75.83,90,95,33.27799999999996,8.2
442,kermanshah,IR,2020-12-22 17:55:24,34.31,47.06,75,80,35.86999999999996,1.33
443,urucara,BR,2020-12-22 17:56:56,-2.54,-57.76,90,75,79.71799999999999,0.73
444,stary sacz,PL,2020-12-22 17:58:58,49.56,20.64,79,92,43.26799999999999,0.45
445,ryotsu,JP,2020-12-22 17:58:58,38.08,138.43,40,93,39.469999999999956,6.2
446,bedford,GB,2020-12-22 17:55:25,52.13,-0.47,97,96,47.26400000000003,2.51
447,wanning,CN,2020-12-22 17:58:58,18.8,110.4,100,89,67.19000000000003,4.18
448,zyryanka,RU,2020-12-22 17:58:58,65.75,150.85,100,86,-23.76399999999998,4.47
449,del rio,US,2020-12-22 17:58:58,29.36,-100.9,20,56,71.86999999999996,7.2
450,kupang,ID,2020-12-22 17:58:59,-10.17,123.58,90,100,77.26999999999995,2.6
451,atakpame,TG,2020-12-22 17:58:59,7.53,1.13,21,74,79.23200000000003,2.35
452,ponta delgada,PT,2020-12-22 17:58:59,37.73,-25.67,40,76,53.86999999999996,5.7
453,rio grande,BR,2020-12-22 17:57:55,-32.03,-52.1,1,82,66.27200000000005,3.54
454,whyalla,AU,2020-12-22 17:58:59,-33.03,137.58,8,55,66.46999999999997,5.7
455,yenagoa,NG,2020-12-22 17:58:59,4.92,6.26,4,92,76.58599999999997,2.02
456,weyburn,CA,2020-12-22 17:58:59,49.67,-103.85,97,85,17.86999999999996,10.3
457,tanete,ID,2020-12-22 17:59:00,-3.94,119.78,100,74,82.43599999999998,1.96
458,brownsville,US,2020-12-22 17:55:37,25.9,-97.5,90,60,75.46999999999997,5.7
459,athabasca,CA,2020-12-22 17:59:00,54.72,-113.29,39,85,14.269999999999957,2.1
460,sassandra,CI,2020-12-22 17:59:00,4.95,-6.08,51,86,77.99000000000002,2.41
461,lubumbashi,CD,2020-12-22 17:59:00,-11.66,27.48,100,95,63.69800000000002,1.38
462,samusu,,,,,,,,
463,gamba,GA,2020-12-22 17:59:01,-2.65,10,69,90,76.19000000000003,1.93
464,gizo,SB,2020-12-22 17:59:01,-8.1,156.84,76,60,86.64800000000002,2.12
465,longyearbyen,SJ,2020-12-22 17:59:01,78.22,15.64,40,79,26.86999999999996,20.1
466,sao jose da coroa grande,BR,2020-12-22 17:59:01,-8.9,-35.15,96,78,77.71999999999997,4.1
467,zhigansk,RU,2020-12-22 17:59:01,66.77,123.37,53,77,-46.92999999999999,0.59
468,shirokiy,RU,2020-12-22 17:59:01,49.76,129.52,100,91,-1.9480000000000288,2.61
469,hvolsvollur,IS,2020-12-22 17:59:02,63.75,-20.22,31,91,21.272000000000034,1.79
470,cheuskiny,,,,,,,,
471,avera,US,2020-12-22 17:59:03,33.19,-82.53,1,57,48.469999999999956,1.66
472,xining,CN,2020-12-22 17:59:03,36.62,101.77,0,70,12.88399999999999,1.4
473,vicuna,CL,2020-12-22 17:59:03,-30.03,-70.71,0,40,74.26400000000004,0.45
474,tutoia,BR,2020-12-22 17:59:03,-2.76,-42.27,77,76,81.15800000000002,5.94
475,berdigestyakh,RU,2020-12-22 17:59:03,62.1,126.7,83,80,-40.108000000000004,0.93
476,samarai,PG,2020-12-22 17:59:04,-10.62,150.67,100,67,85.08200000000002,1.01
477,tefe,BR,2020-12-22 17:59:04,-3.35,-64.71,40,83,82.66999999999996,1
478,luderitz,NA,2020-12-22 17:59:04,-26.65,15.16,12,88,62.86999999999996,4.6
479,college,US,2020-12-22 17:59:04,64.86,-147.8,75,58,35.86999999999996,2.1
480,bontang,ID,2020-12-22 17:59:04,0.13,117.5,98,84,79.592,3.03
481,raudeberg,NO,2020-12-22 17:59:05,61.99,5.14,100,94,43.26799999999999,6.84
482,natchitoches,US,2020-12-22 17:59:05,31.77,-93.13,1,59,61.069999999999965,3.15
483,leh,IN,2020-12-22 17:57:07,34.17,77.58,0,61,4.369999999999958,1.23
484,nizhneangarsk,RU,2020-12-22 17:59:05,55.78,109.55,43,81,-2.578000000000017,2.35
485,sogdiondon,,,,,,,,
486,manado,ID,2020-12-22 17:59:05,1.49,124.85,40,94,79.06999999999996,1
487,surbo,IT,2020-12-22 17:59:06,40.4,18.13,75,100,46.66999999999996,1
488,namibe,AO,2020-12-22 17:59:06,-15.2,12.15,17,81,69.27799999999996,2.18
489,kisangani,CD,2020-12-22 17:59:06,0.52,25.2,60,86,71.97799999999997,0.38
490,camacha,PT,2020-12-22 17:59:07,33.08,-16.33,20,82,59.26999999999996,0.5
491,dhadar,IN,2020-12-22 17:59:07,28.33,75.06,0,48,49.49600000000005,1.77
492,lazaro cardenas,MX,2020-12-22 17:59:07,17.96,-102.2,15,71,80.15,3.29
493,dhidhdhoo,MV,2020-12-22 17:59:07,6.88,73.1,92,84,80.65399999999995,8.19
494,luanda,AO,2020-12-22 17:51:14,-8.84,13.23,40,83,79.06999999999996,3.6
495,dauriya,RU,2020-12-22 17:59:08,49.93,116.87,98,88,1.0040000000000013,2.21
496,leningradskiy,RU,2020-12-22 17:59:08,69.38,178.42,100,89,-9.670000000000009,5.6
497,wageningen,NL,2020-12-22 17:59:08,51.97,5.67,90,100,50.26999999999996,1
498,beira,MZ,2020-12-22 17:59:08,-19.84,34.84,0,88,80.86999999999996,3.6
499,ostrovnoy,RU,2020-12-22 17:59:09,68.05,39.51,100,97,32.14399999999997,1.53
500,fallon,US,2020-12-22 17:59:09,39.47,-118.78,20,26,46.66999999999996,4.1
501,camalu,MX,2020-12-22 17:59:09,30.85,-116.07,10,35,65.26400000000004,1.34
502,forio,IT,2020-12-22 17:59:09,40.73,13.86,40,82,57.469999999999956,2.04
503,ketchikan,US,2020-12-22 17:59:09,55.34,-131.65,90,93,35.86999999999996,3.6
504,barstow,US,2020-12-22 17:59:09,34.9,-117.02,1,6,73.66999999999996,9.3
505,northam,GB,2020-12-22 17:59:10,51.03,-4.22,42,98,53.27599999999999,2.68
506,broken hill,AU,2020-12-22 17:59:10,-31.95,141.43,61,55,62.86999999999996,4.6
507,lar gerd,,,,,,,,
508,ilek,RU,2020-12-22 17:59:10,51.53,53.38,31,89,-0.5980000000000274,1.5
509,churapcha,RU,2020-12-22 17:59:11,62,132.43,84,77,-47.70400000000001,1.14
510,mauganj,IN,2020-12-22 17:56:02,24.68,81.88,41,46,52.538000000000046,0.56
511,baneasa,RO,2020-12-22 17:59:12,44.05,26.06,93,87,39.272000000000034,1.53
512,razole,IN,2020-12-22 17:59:12,16.48,81.83,0,81,62.86999999999996,1.81
513,panzhihua,CN,2020-12-22 17:59:12,26.59,101.71,32,88,40.26199999999996,0.38
514,cockburn town,TC,2020-12-22 17:59:12,21.46,-71.14,40,74,79.06999999999996,3.1
515,kyra,RU,2020-12-22 17:59:12,49.58,111.98,69,87,3.8839999999999897,2.5
516,tsihombe,,,,,,,,
517,jalu,LY,2020-12-22 17:59:13,29.03,21.55,0,75,53.150000000000006,2.89
518,agirish,RU,2020-12-22 17:59:13,61.92,63.02,100,96,11.606000000000027,2.31
519,zabid,YE,2020-12-22 17:59:13,14.2,43.32,4,70,76.60399999999996,4.42
520,kushmurun,KZ,2020-12-22 17:59:13,52.45,64.63,51,94,5.161999999999953,4.72
521,pavlovsk,RU,2020-12-22 17:59:13,50.46,40.11,5,94,6.566000000000006,1.94
522,kawalu,ID,2020-12-22 17:59:13,-7.38,108.21,85,87,75.03800000000004,1.1
523,epernay,FR,2020-12-22 17:59:13,49.05,3.95,100,93,57.469999999999956,4.1
524,aden,YE,2020-12-22 17:59:05,12.78,45.04,17,70,77.576,5.94
525,kazerun,IR,2020-12-22 17:59:14,29.62,51.65,0,51,48.83000000000004,0.91
526,kolokani,ML,2020-12-22 17:59:14,13.57,-8.03,39,24,66.99199999999999,4.67
527,wewak,PG,2020-12-22 17:59:14,-3.55,143.63,95,72,82.09399999999997,2.39
528,san policarpo,PH,2020-12-22 17:59:14,12.18,125.51,3,77,82.88599999999997,5.96
529,santiago del estero,AR,2020-12-22 17:59:14,-27.8,-64.26,0,32,85.26199999999996,1.79
530,ust-kulom,RU,2020-12-22 17:59:15,61.69,53.69,99,97,30.361999999999956,4.78
531,belyy yar,RU,2020-12-22 17:59:15,53.6,91.39,0,47,12.46999999999996,6
532,ukiah,US,2020-12-22 17:59:15,39.15,-123.21,1,50,59.26999999999996,2.1
533,makakilo city,US,2020-12-22 17:59:15,21.35,-158.09,1,58,84.46999999999997,4.1
534,uzumlu,,,,,,,,
535,teya,RU,2020-12-22 17:59:15,60.38,92.63,100,84,-20.812000000000005,0.82
536,tabulbah,,,,,,,,
537,tarudant,,,,,,,,
538,praia da vitoria,PT,2020-12-22 17:59:16,38.73,-27.07,75,76,55.66999999999996,8.49
539,lompoc,US,2020-12-22 17:57:27,34.64,-120.46,1,71,58.26199999999996,6.2
540,arlit,NE,2020-12-22 17:59:16,18.74,7.39,0,26,65.48000000000005,4.55
541,mogochin,,,,,,,,
542,zatoka,UA,2020-12-22 17:59:16,46.07,30.47,40,84,32.26999999999996,3
543,san cristobal,VE,2020-12-22 17:59:18,7.77,-72.22,79,92,67.00999999999999,0.39
544,high level,CA,2020-12-22 17:59:18,58.52,-117.14,75,83,-9.129999999999988,2.1
545,praia,CV,2020-12-22 17:59:18,14.92,-23.51,20,78,71.86999999999996,5.1
546,kirakira,SB,2020-12-22 17:59:18,-10.45,161.92,52,71,85.334,0.55
547,kindu,CD,2020-12-22 17:59:18,-2.95,25.95,100,96,69.87200000000004,0.83
548,matara,LK,2020-12-22 17:59:18,5.95,80.54,96,91,74.37200000000004,1.03
549,the valley,AI,2020-12-22 17:56:30,18.22,-63.06,20,74,80.86999999999996,4.1
550,maragogi,BR,2020-12-22 17:59:19,-9.01,-35.22,85,78,77.61199999999997,4.26
551,sovkhoznyy,RU,2020-12-22 17:59:19,45.29,38.11,30,86,31.261999999999954,10
552,yerbogachen,RU,2020-12-22 17:59:19,61.28,108.01,100,89,-12.117999999999988,1.48
553,igrim,RU,2020-12-22 17:59:19,63.19,64.42,100,94,3.7580000000000027,2.34
554,mahadday weyne,,,,,,,,
555,abu dhabi,AE,2020-12-22 17:56:10,24.47,54.37,0,56,68.26999999999995,1
556,klaksvik,FO,2020-12-22 17:59:20,62.23,-6.59,93,75,35.86999999999996,7.7
557,obluche,,,,,,,,
558,bandarawela,LK,2020-12-22 17:59:20,6.83,80.99,100,100,61.64600000000005,0.95
559,albion,US,2020-12-22 17:56:55,42.24,-84.75,1,92,31.261999999999954,2.18
560,raga,SS,2020-12-22 17:59:20,8.46,25.68,30,35,69.63800000000005,1.02
561,am timan,TD,2020-12-22 17:59:21,11.03,20.28,25,22,71.34800000000003,1.85
562,rembang,ID,2020-12-22 17:59:22,-6.71,111.35,37,79,79.34000000000003,4.53
563,gao,ML,2020-12-22 17:59:22,16.64,1.64,1,24,67.44200000000001,5.05
564,grootfontein,NA,2020-12-22 17:59:22,-19.57,18.12,93,39,75.68599999999998,5.95
565,dryden,CA,2020-12-22 17:58:56,49.78,-92.75,90,92,16.069999999999958,5.1
566,warrington,GB,2020-12-22 17:59:22,53.39,-2.58,100,93,42.27799999999996,4.1
567,nome,US,2020-12-22 17:56:21,64.5,-165.41,90,92,28.66999999999996,14.4
568,valleyview,CA,2020-12-22 17:59:23,55.07,-117.29,24,85,17.86999999999996,1.5
569,hami,CN,2020-12-22 17:59:23,42.8,93.45,35,86,12.938000000000045,0.39
570,shahr-e kord,IR,2020-12-22 17:59:23,32.33,50.86,0,79,19.66999999999996,1
571,nasirabad,IN,2020-12-22 17:59:23,26.3,74.73,34,50,49.946000000000055,1.24
572,faya,SA,2020-12-22 17:59:23,18.39,42.45,0,76,55.66999999999996,0.62
573,tevaitoa,PF,2020-12-22 17:59:23,-16.78,-151.5,94,69,81.12200000000004,1.52
574,kerchevskiy,RU,2020-12-22 17:59:23,59.95,56.29,100,97,27.248000000000026,4.5
575,sun city west,US,2020-12-22 17:59:24,33.66,-112.34,1,18,70.06999999999996,2.1
576,north bend,US,2020-12-22 17:59:24,43.41,-124.22,75,66,50.26999999999996,1.5
577,kaabong,UG,2020-12-22 17:59:24,3.48,34.15,1,61,66.97400000000002,3.7
578,tombouctou,ML,2020-12-22 17:59:24,20,-3,0,38,59.25199999999998,6.08
579,santa fe,AR,2020-12-22 17:59:24,-31.63,-60.7,0,40,77.26999999999995,3.94
580,haimen,CN,2020-12-22 17:59:24,23.19,116.61,90,77,62.86999999999996,2
581,novoselitskoye,RU,2020-12-22 17:59:25,44.75,43.44,90,92,26.86999999999996,2
582,tumannyy,,,,,,,,
583,chulman,RU,2020-12-22 17:59:25,56.85,124.91,98,87,-18.12999999999999,0.24
584,tungkang,,,,,,,,
585,saint-pierre,RE,2020-12-22 17:59:25,-21.34,55.48,0,73,73.66999999999996,2.1
586,las vegas,US,2020-12-22 17:59:21,36.17,-115.14,1,7,71.86999999999996,8.7
587,awjilah,LY,2020-12-22 17:59:25,29.11,21.29,0,78,52.66400000000003,2.7
588,itoman,JP,2020-12-22 17:59:26,26.12,127.67,40,64,70.06999999999996,4.1
589,ambon,ID,2020-12-22 17:59:26,-3.7,128.18,100,72,84.45199999999997,5.52
590,pangody,RU,2020-12-22 17:59:26,65.85,74.49,0,83,-34.851999999999975,1.39
591,camana,PE,2020-12-22 17:59:26,-16.62,-72.71,77,72,69.368,1.95
592,sobolevo,RU,2020-12-22 17:59:26,54.43,31.9,100,96,24.385999999999967,7.38
593,xushan,CN,2020-12-22 17:59:26,30.18,121.25,70,93,48.272000000000034,2
594,colares,PT,2020-12-22 17:57:51,38.8,-9.45,93,100,56.26400000000004,4.21
595,hluti,SZ,2020-12-22 17:59:27,-27.22,31.62,100,74,80.86999999999996,1.5
596,dzerzhinskoye,RU,2020-12-22 17:59:27,56.83,95.23,100,90,0.7339999999999911,3.18
597,novobiryusinskiy,RU,2020-12-22 17:59:27,56.96,97.71,100,92,0.4820000000000171,2.94
598,novopokrovka,UA,2020-12-22 17:59:27,49.84,36.55,0,85,12.46999999999996,2
599,rio gallegos,AR,2020-12-22 17:59:27,-51.62,-69.22,75,26,59.26999999999996,8.7
600,tabas,IR,2020-12-22 17:59:27,33.6,56.92,33,63,41.26999999999996,1
601,nemyriv,UA,2020-12-22 17:59:28,48.97,28.84,82,89,27.26600000000001,0.89
602,ondorhaan,,,,,,,,
603,misratah,LY,2020-12-22 17:59:28,32.38,15.09,1,76,62.63599999999997,4.06
604,nurobod,UZ,2020-12-22 17:59:28,40.91,69.8,75,76,32.26999999999996,2.1
605,bongaree,AU,2020-12-22 17:59:28,-27.08,153.16,77,54,84.27200000000005,1.79
606,la union,PE,2020-12-22 17:59:28,-5.4,-80.75,62,60,76.118,8.34
607,changying,CN,2020-12-22 17:59:28,52.87,123.32,97,91,-4.971999999999987,0.93
608,aksarka,RU,2020-12-22 17:59:29,66.56,67.8,100,86,-24.394000000000027,4.18
609,san marcos,US,2020-12-22 17:56:36,33.14,-117.17,1,67,64.27400000000002,2.6
610,ubinskoye,RU,2020-12-22 17:59:29,55.31,79.68,100,94,2.5519999999999747,3.04
611,rincon,US,2020-12-22 17:59:29,32.3,-81.24,20,43,59.26999999999996,2.1
612,tanggu,CN,2020-12-22 17:59:29,39.02,117.65,54,79,26.86999999999996,1
613,buzmeyin,TM,2020-12-22 17:59:29,38.05,58.21,90,86,37.66999999999996,3.1
614,scarborough,GB,2020-12-22 17:58:30,54.28,-0.4,92,100,37.274000000000015,1
615,santa cruz,BO,2020-12-22 17:59:30,-17.8,-63.17,80,65,82.66999999999996,2.6
616,taltal,CL,2020-12-22 17:59:30,-25.4,-70.48,25,78,61.483999999999995,0.29
617,ranot,TH,2020-12-22 17:59:30,7.78,100.32,93,77,77.95399999999995,3.33
618,tezu,IN,2020-12-22 17:59:30,27.92,96.17,0,49,58.33399999999999,1.57
619,guane,CU,2020-12-22 17:59:30,22.2,-84.09,10,79,70.64600000000004,3.29
620,khandyga,RU,2020-12-22 17:59:30,62.67,135.6,66,77,-47.90199999999997,0.46
621,bull savanna,JM,2020-12-22 17:59:31,17.89,-77.59,4,81,74.04800000000003,1.32
